(node:448416) ExperimentalWarning: SQLite is an experimental feature and might change at any time
(Use `node --trace-warnings ...` to show where the warning was created)
12:46:03  watch cycle 1 started
12:46:08  watch cycle 1 running 5s
12:46:08  #63 ready  project synced github_project success
12:46:12  #65 ready  project synced github_project success
12:46:13  #63 ready  issue started
12:46:13  #63 ready  worker started
12:46:13  watch cycle 1 running 10s
12:46:18  watch cycle 1 running 15s
12:46:20  #63 running  project synced github_project success
12:46:21  #65 ready  issue started
12:46:21  #65 ready  worker started
12:46:23  watch cycle 1 running 20s
12:46:28  #65 running  project synced github_project success
12:46:28  [CYCLE] active=2 started=2 history=40
Northstar Watch  12:46:28  repo=northstar-todo-web  active=2  started=2  history=40  ready=0  running=2  verifying=0  releasing=0  exception=0  completed=31
Issue Status        Stage           Started    Age     Stage Age  Err   PR     Last Event                  Next
#1    completed     -               01:25:01   4d11h   4d11h      -     #2     project projection synced   done
#3    completed     -               07:38:05   4d5h    4d5h       -     #4     project projection synced   done
#5    completed     -               08:14:56   4d4h    4d4h       -     #6     project projection synced   done
#7    completed     -               10:33:21   4d2h    4d2h       -     #8     project projection synced   done
#9    completed     -               11:53:59   4d      4d         -     #10    project projection synced   done
#11   completed     -               12:52:14   3d23h   3d23h      -     #12    project projection synced   done
#13   completed     -               13:10:03   3d23h   3d23h      -     #14    admin action                done
#15   completed     -               13:52:28   3d22h   3d22h      -     #16    project projection synced   done
#17   completed     -               14:04:49   3d22h   3d22h      -     #18    project projection synced   done
#19   completed     -               03:18:31   3d9h    3d9h       -     #22    completed worktree clea...  done
#20   completed     -               03:18:37   3d9h    3d9h       -     #21    project projection synced   done
#23   completed     -               03:50:27   3d8h    3d8h       -     #25    project projection synced   done
#24   completed     -               03:50:33   3d8h    3d8h       -     #25    project projection synced   done
#26   completed     -               04:11:50   3d8h    3d8h       -     #45    project projection synced   done
#27   completed     -               04:12:08   3d8h    3d8h       -     #52    project projection synced   done
#28   completed     -               04:23:36   3d8h    3d8h       -     #51    project projection synced   done
#29   completed     -               04:23:43   3d8h    3d8h       -     #30    project projection synced   done
#31   completed     -               04:44:52   3d8h    3d8h       -     #50    project projection synced   done
#32   completed     -               04:44:59   3d8h    3d8h       -     #33    project projection synced   done
#35   completed     -               05:02:39   3d7h    3d7h       -     #37    project projection synced   done
#36   completed     -               05:02:45   3d7h    3d7h       -     #38    project projection synced   done
#39   completed     -               07:11:06   3d5h    3d5h       -     #44    project projection synced   done
#40   completed     -               07:11:12   3d5h    3d5h       -     #46    project projection synced   done
#41   completed     -               07:11:17   3d5h    3d5h       -     #48    project projection synced   done
#42   completed     -               07:11:23   3d5h    3d5h       -     #47    project projection synced   done
#43   completed     -               07:11:28   3d5h    3d5h       -     #49    project projection synced   done
#53   completed     -               10:22:27   1d2h    1d2h       -     #54    project projection synced   done
#55   completed     -               11:36:15   1d1h    1d1h       -     #56    project projection synced   done
#57   completed     -               00:38:52   12h7m   12h7m      -     #60    project projection synced   done
#58   completed     -               00:38:58   12h7m   12h7m      -     #61    project projection synced   done
#59   completed     -               00:39:04   12h7m   12h7m      -     #62    project projection synced   done
#63   running       implementation  11:01:53   1h44m   15s        yes   #64    child run started           wait artifact
#65   running       implementation  12:23:19   23m     7s         -     -      child run started           wait artifact
12:46:33  watch cycle 2 started
12:46:34  #63 exception  runtime repair release_active_runtime_ownership
12:46:38  watch cycle 2 running 5s
12:46:42  #63 exception  project synced github_project success
12:46:43  watch cycle 2 running 10s
12:46:48  watch cycle 2 running 15s
12:46:50  #63 ready  project synced github_project success
12:46:53  watch cycle 2 running 20s
12:46:58  watch cycle 2 running 25s
12:47:03  watch cycle 2 running 30s
12:47:08  watch cycle 2 running 35s
12:47:13  watch cycle 2 running 40s
12:47:18  watch cycle 2 running 45s
12:47:23  watch cycle 2 running 50s
12:47:28  watch cycle 2 running 55s
12:47:33  watch cycle 2 running 1m0s
12:47:38  watch cycle 2 running 1m5s
12:47:43  watch cycle 2 running 1m10s
12:47:48  watch cycle 2 running 1m15s
12:47:53  watch cycle 2 running 1m20s
12:47:58  watch cycle 2 running 1m25s
12:48:03  watch cycle 2 running 1m30s
12:48:08  watch cycle 2 running 1m35s
12:48:13  watch cycle 2 running 1m40s
12:48:18  watch cycle 2 running 1m45s
12:48:23  watch cycle 2 running 1m50s
12:48:28  watch cycle 2 running 1m55s
12:48:33  watch cycle 2 running 2m0s
12:48:38  watch cycle 2 running 2m5s
12:48:43  watch cycle 2 running 2m10s
12:48:48  watch cycle 2 running 2m15s
12:48:53  watch cycle 2 running 2m20s
12:48:58  watch cycle 2 running 2m25s
12:49:03  watch cycle 2 running 2m30s
12:49:08  watch cycle 2 running 2m35s
12:49:13  #65 verifying  project synced github_project success
12:49:13  watch cycle 2 running 2m40s
12:49:18  watch cycle 2 running 2m45s
12:49:23  watch cycle 2 running 2m50s
12:49:28  watch cycle 2 running 2m55s
12:49:33  watch cycle 2 running 3m0s
12:49:38  watch cycle 2 running 3m5s
12:49:43  watch cycle 2 running 3m10s
12:49:48  watch cycle 2 running 3m15s
12:49:53  watch cycle 2 running 3m20s
12:49:58  watch cycle 2 running 3m25s
12:50:03  watch cycle 2 running 3m30s
12:50:08  watch cycle 2 running 3m35s
12:50:13  watch cycle 2 running 3m40s
12:50:18  watch cycle 2 running 3m45s
12:50:23  watch cycle 2 running 3m50s
12:50:28  watch cycle 2 running 3m55s
12:50:33  watch cycle 2 running 4m0s
12:50:38  watch cycle 2 running 4m5s
12:50:43  watch cycle 2 running 4m10s
12:50:48  watch cycle 2 running 4m15s
12:50:53  watch cycle 2 running 4m20s
12:50:54  #65 verified  project synced github_project success
12:50:54  [CYCLE] active=2 started=0 history=40
Northstar Watch  12:50:54  repo=northstar-todo-web  active=2  started=0  history=40  ready=1  running=0  verifying=0  releasing=0  exception=0  completed=31
Issue Status        Stage           Started    Age     Stage Age  Err   PR     Last Event                  Next
#1    completed     -               01:25:01   4d11h   4d11h      -     #2     project projection synced   done
#3    completed     -               07:38:05   4d5h    4d5h       -     #4     project projection synced   done
#5    completed     -               08:14:56   4d4h    4d4h       -     #6     project projection synced   done
#7    completed     -               10:33:21   4d2h    4d2h       -     #8     project projection synced   done
#9    completed     -               11:53:59   4d      4d         -     #10    project projection synced   done
#11   completed     -               12:52:14   3d23h   3d23h      -     #12    project projection synced   done
#13   completed     -               13:10:03   3d23h   3d23h      -     #14    admin action                done
#15   completed     -               13:52:28   3d22h   3d22h      -     #16    project projection synced   done
#17   completed     -               14:04:49   3d22h   3d22h      -     #18    project projection synced   done
#19   completed     -               03:18:31   3d9h    3d9h       -     #22    completed worktree clea...  done
#20   completed     -               03:18:37   3d9h    3d9h       -     #21    project projection synced   done
#23   completed     -               03:50:27   3d9h    3d9h       -     #25    project projection synced   done
#24   completed     -               03:50:33   3d9h    3d9h       -     #25    project projection synced   done
#26   completed     -               04:11:50   3d8h    3d8h       -     #45    project projection synced   done
#27   completed     -               04:12:08   3d8h    3d8h       -     #52    project projection synced   done
#28   completed     -               04:23:36   3d8h    3d8h       -     #51    project projection synced   done
#29   completed     -               04:23:43   3d8h    3d8h       -     #30    project projection synced   done
#31   completed     -               04:44:52   3d8h    3d8h       -     #50    project projection synced   done
#32   completed     -               04:44:59   3d8h    3d8h       -     #33    project projection synced   done
#35   completed     -               05:02:39   3d7h    3d7h       -     #37    project projection synced   done
#36   completed     -               05:02:45   3d7h    3d7h       -     #38    project projection synced   done
#39   completed     -               07:11:06   3d5h    3d5h       -     #44    project projection synced   done
#40   completed     -               07:11:12   3d5h    3d5h       -     #46    project projection synced   done
#41   completed     -               07:11:17   3d5h    3d5h       -     #48    project projection synced   done
#42   completed     -               07:11:23   3d5h    3d5h       -     #47    project projection synced   done
#43   completed     -               07:11:28   3d5h    3d5h       -     #49    project projection synced   done
#53   completed     -               10:22:27   1d2h    1d2h       -     #54    project projection synced   done
#55   completed     -               11:36:15   1d1h    1d1h       -     #56    project projection synced   done
#57   completed     -               00:38:52   12h12m  12h12m     -     #60    project projection synced   done
#58   completed     -               00:38:58   12h11m  12h11m     -     #61    project projection synced   done
#59   completed     -               00:39:04   12h11m  12h11m     -     #62    project projection synced   done
#63   ready         implementation  11:01:53   1h49m   4m         -     #64    exception resolved          queued
#65   verified      verification    12:23:19   27m     1m         -     #66    project projection synced   wait release
12:50:59  watch cycle 3 started
12:51:03  #63 ready  project synced github_project success
12:51:04  watch cycle 3 running 5s
12:51:07  #65 releasing  project synced github_project success
12:51:09  watch cycle 3 running 10s
12:51:14  watch cycle 3 running 15s
12:51:19  watch cycle 3 running 20s
12:51:24  watch cycle 3 running 25s
12:51:29  watch cycle 3 running 30s
12:51:34  watch cycle 3 running 35s
12:51:39  watch cycle 3 running 40s
12:51:44  watch cycle 3 running 45s
12:51:49  watch cycle 3 running 50s
12:51:54  watch cycle 3 running 55s
12:51:59  watch cycle 3 running 1m0s
12:52:04  watch cycle 3 running 1m5s
12:52:09  watch cycle 3 running 1m10s
12:52:14  watch cycle 3 running 1m15s
12:52:19  watch cycle 3 running 1m20s
12:52:24  watch cycle 3 running 1m25s
12:52:29  watch cycle 3 running 1m30s
12:52:34  watch cycle 3 running 1m35s
12:52:39  watch cycle 3 running 1m40s
12:52:44  watch cycle 3 running 1m45s
12:52:49  watch cycle 3 running 1m50s
12:52:54  watch cycle 3 running 1m55s
12:52:59  watch cycle 3 running 2m0s
12:53:04  watch cycle 3 running 2m5s
12:53:09  watch cycle 3 running 2m10s
12:53:14  watch cycle 3 running 2m15s
12:53:19  watch cycle 3 running 2m20s
12:53:24  watch cycle 3 running 2m25s
12:53:29  watch cycle 3 running 2m30s
12:53:34  watch cycle 3 running 2m35s
12:53:39  watch cycle 3 running 2m40s
12:53:45  watch cycle 3 running 2m46s
12:53:50  #65 completed  Released via PR #66.
12:53:50  watch cycle 3 running 2m51s
12:53:54  #65 completed  project synced github_project success
12:53:54  #63 ready  issue started
12:53:54  #63 ready  worker started
12:53:55  watch cycle 3 running 2m56s
12:54:00  watch cycle 3 running 3m1s
12:54:00  #63 running  project synced github_project success
12:54:00  [CYCLE] active=2 started=1 history=40
Northstar Watch  12:54:00  repo=northstar-todo-web  active=2  started=1  history=40  ready=0  running=1  verifying=0  releasing=0  exception=0  completed=32
Issue Status        Stage           Started    Age     Stage Age  Err   PR     Last Event                  Next
#1    completed     -               01:25:01   4d11h   4d11h      -     #2     project projection synced   done
#3    completed     -               07:38:05   4d5h    4d5h       -     #4     project projection synced   done
#5    completed     -               08:14:56   4d4h    4d4h       -     #6     project projection synced   done
#7    completed     -               10:33:21   4d2h    4d2h       -     #8     project projection synced   done
#9    completed     -               11:53:59   4d1h    4d1h       -     #10    project projection synced   done
#11   completed     -               12:52:14   4d      4d         -     #12    project projection synced   done
#13   completed     -               13:10:03   3d23h   3d23h      -     #14    admin action                done
#15   completed     -               13:52:28   3d23h   3d23h      -     #16    project projection synced   done
#17   completed     -               14:04:49   3d22h   3d22h      -     #18    project projection synced   done
#19   completed     -               03:18:31   3d9h    3d9h       -     #22    completed worktree clea...  done
#20   completed     -               03:18:37   3d9h    3d9h       -     #21    project projection synced   done
#23   completed     -               03:50:27   3d9h    3d9h       -     #25    project projection synced   done
#24   completed     -               03:50:33   3d9h    3d9h       -     #25    project projection synced   done
#26   completed     -               04:11:50   3d8h    3d8h       -     #45    project projection synced   done
#27   completed     -               04:12:08   3d8h    3d8h       -     #52    project projection synced   done
#28   completed     -               04:23:36   3d8h    3d8h       -     #51    project projection synced   done
#29   completed     -               04:23:43   3d8h    3d8h       -     #30    project projection synced   done
#31   completed     -               04:44:52   3d8h    3d8h       -     #50    project projection synced   done
#32   completed     -               04:44:59   3d8h    3d8h       -     #33    project projection synced   done
#35   completed     -               05:02:39   3d7h    3d7h       -     #37    project projection synced   done
#36   completed     -               05:02:45   3d7h    3d7h       -     #38    project projection synced   done
#39   completed     -               07:11:06   3d5h    3d5h       -     #44    project projection synced   done
#40   completed     -               07:11:12   3d5h    3d5h       -     #46    project projection synced   done
#41   completed     -               07:11:17   3d5h    3d5h       -     #48    project projection synced   done
#42   completed     -               07:11:23   3d5h    3d5h       -     #47    project projection synced   done
#43   completed     -               07:11:28   3d5h    3d5h       -     #49    project projection synced   done
#53   completed     -               10:22:27   1d2h    1d2h       -     #54    project projection synced   done
#55   completed     -               11:36:15   1d1h    1d1h       -     #56    project projection synced   done
#57   completed     -               00:38:52   12h15m  12h15m     -     #60    project projection synced   done
#58   completed     -               00:38:58   12h15m  12h15m     -     #61    project projection synced   done
#59   completed     -               00:39:04   12h14m  12h14m     -     #62    project projection synced   done
#63   running       implementation  11:01:53   1h52m   6s         -     #64    child run started           wait artifact
#65   completed     -               12:23:19   30m     30m        -     #66    project projection synced   done
12:54:06  watch cycle 4 started
12:54:11  watch cycle 4 running 5s
12:54:16  watch cycle 4 running 10s
12:54:21  watch cycle 4 running 15s
12:54:26  watch cycle 4 running 20s
12:54:31  watch cycle 4 running 25s
12:54:36  watch cycle 4 running 30s
12:54:41  watch cycle 4 running 35s
12:54:46  watch cycle 4 running 40s
12:54:51  watch cycle 4 running 45s
12:54:56  watch cycle 4 running 50s
12:55:01  watch cycle 4 running 55s
12:55:06  watch cycle 4 running 1m0s
12:55:11  watch cycle 4 running 1m5s
12:55:16  watch cycle 4 running 1m10s
12:55:21  watch cycle 4 running 1m15s
12:55:26  watch cycle 4 running 1m20s
12:55:31  watch cycle 4 running 1m25s
12:55:36  watch cycle 4 running 1m30s
12:55:41  watch cycle 4 running 1m35s
12:55:46  watch cycle 4 running 1m40s
12:55:48  #63 verifying  project synced github_project success
12:55:51  watch cycle 4 running 1m45s
12:55:56  watch cycle 4 running 1m50s
12:56:01  watch cycle 4 running 1m55s
12:56:06  watch cycle 4 running 2m0s
12:56:11  watch cycle 4 running 2m5s
12:56:16  watch cycle 4 running 2m10s
12:56:21  watch cycle 4 running 2m15s
12:56:26  watch cycle 4 running 2m20s
12:56:31  watch cycle 4 running 2m25s
12:56:36  watch cycle 4 running 2m30s
12:56:41  watch cycle 4 running 2m35s
12:56:46  watch cycle 4 running 2m40s
12:56:51  watch cycle 4 running 2m45s
12:56:56  watch cycle 4 running 2m50s
12:57:01  watch cycle 4 running 2m55s
12:57:06  watch cycle 4 running 3m0s
12:57:11  watch cycle 4 running 3m5s
12:57:16  watch cycle 4 running 3m10s
12:57:21  watch cycle 4 running 3m15s
12:57:26  watch cycle 4 running 3m20s
12:57:31  watch cycle 4 running 3m25s
12:57:36  watch cycle 4 running 3m30s
12:57:41  watch cycle 4 running 3m35s
12:57:46  watch cycle 4 running 3m40s
12:57:46  #63 verified  project synced github_project success
12:57:46  [CYCLE] active=1 started=0 history=20
Northstar Watch  12:57:46  repo=northstar-todo-web  active=1  started=0  history=20  ready=0  running=0  verifying=0  releasing=0  exception=0  completed=32
Issue Status        Stage           Started    Age     Stage Age  Err   PR     Last Event                  Next
#1    completed     -               01:25:01   4d11h   4d11h      -     #2     project projection synced   done
#3    completed     -               07:38:05   4d5h    4d5h       -     #4     project projection synced   done
#5    completed     -               08:14:56   4d4h    4d4h       -     #6     project projection synced   done
#7    completed     -               10:33:21   4d2h    4d2h       -     #8     project projection synced   done
#9    completed     -               11:53:59   4d1h    4d1h       -     #10    project projection synced   done
#11   completed     -               12:52:14   4d      4d         -     #12    project projection synced   done
#13   completed     -               13:10:03   3d23h   3d23h      -     #14    admin action                done
#15   completed     -               13:52:28   3d23h   3d23h      -     #16    project projection synced   done
#17   completed     -               14:04:49   3d22h   3d22h      -     #18    project projection synced   done
#19   completed     -               03:18:31   3d9h    3d9h       -     #22    completed worktree clea...  done
#20   completed     -               03:18:37   3d9h    3d9h       -     #21    project projection synced   done
#23   completed     -               03:50:27   3d9h    3d9h       -     #25    project projection synced   done
#24   completed     -               03:50:33   3d9h    3d9h       -     #25    project projection synced   done
#26   completed     -               04:11:50   3d8h    3d8h       -     #45    project projection synced   done
#27   completed     -               04:12:08   3d8h    3d8h       -     #52    project projection synced   done
#28   completed     -               04:23:36   3d8h    3d8h       -     #51    project projection synced   done
#29   completed     -               04:23:43   3d8h    3d8h       -     #30    project projection synced   done
#31   completed     -               04:44:52   3d8h    3d8h       -     #50    project projection synced   done
#32   completed     -               04:44:59   3d8h    3d8h       -     #33    project projection synced   done
#35   completed     -               05:02:39   3d7h    3d7h       -     #37    project projection synced   done
#36   completed     -               05:02:45   3d7h    3d7h       -     #38    project projection synced   done
#39   completed     -               07:11:06   3d5h    3d5h       -     #44    project projection synced   done
#40   completed     -               07:11:12   3d5h    3d5h       -     #46    project projection synced   done
#41   completed     -               07:11:17   3d5h    3d5h       -     #48    project projection synced   done
#42   completed     -               07:11:23   3d5h    3d5h       -     #47    project projection synced   done
#43   completed     -               07:11:28   3d5h    3d5h       -     #49    project projection synced   done
#53   completed     -               10:22:27   1d2h    1d2h       -     #54    project projection synced   done
#55   completed     -               11:36:15   1d1h    1d1h       -     #56    project projection synced   done
#57   completed     -               00:38:52   12h18m  12h18m     -     #60    project projection synced   done
#58   completed     -               00:38:58   12h18m  12h18m     -     #61    project projection synced   done
#59   completed     -               00:39:04   12h18m  12h18m     -     #62    project projection synced   done
#63   verified      verification    11:01:53   1h55m   1h47m      -     #64    child artifact received     wait release
#65   completed     -               12:23:19   34m     34m        -     #66    project projection synced   done
12:57:51  watch cycle 5 started
12:57:56  #63 releasing  project synced github_project success
12:57:56  watch cycle 5 running 5s
12:58:01  watch cycle 5 running 10s
12:58:06  watch cycle 5 running 15s
12:58:11  watch cycle 5 running 20s
12:58:16  watch cycle 5 running 25s
12:58:21  watch cycle 5 running 30s
12:58:26  watch cycle 5 running 35s
12:58:31  watch cycle 5 running 40s
12:58:36  watch cycle 5 running 45s
12:58:41  watch cycle 5 running 50s
12:58:46  watch cycle 5 running 55s
12:58:49  #63 exception  project synced github_project success
12:58:49  [CYCLE] active=1 started=0 history=20
Northstar Watch  12:58:49  repo=northstar-todo-web  active=1  started=0  history=20  ready=0  running=0  verifying=0  releasing=0  exception=1  completed=32
Issue Status        Stage           Started    Age     Stage Age  Err   PR     Last Event                  Next
#1    completed     -               01:25:01   4d11h   4d11h      -     #2     project projection synced   done
#3    completed     -               07:38:05   4d5h    4d5h       -     #4     project projection synced   done
#5    completed     -               08:14:56   4d4h    4d4h       -     #6     project projection synced   done
#7    completed     -               10:33:21   4d2h    4d2h       -     #8     project projection synced   done
#9    completed     -               11:53:59   4d1h    4d1h       -     #10    project projection synced   done
#11   completed     -               12:52:14   4d      4d         -     #12    project projection synced   done
#13   completed     -               13:10:03   3d23h   3d23h      -     #14    admin action                done
#15   completed     -               13:52:28   3d23h   3d23h      -     #16    project projection synced   done
#17   completed     -               14:04:49   3d22h   3d22h      -     #18    project projection synced   done
#19   completed     -               03:18:31   3d9h    3d9h       -     #22    completed worktree clea...  done
#20   completed     -               03:18:37   3d9h    3d9h       -     #21    project projection synced   done
#23   completed     -               03:50:27   3d9h    3d9h       -     #25    project projection synced   done
#24   completed     -               03:50:33   3d9h    3d9h       -     #25    project projection synced   done
#26   completed     -               04:11:50   3d8h    3d8h       -     #45    project projection synced   done
#27   completed     -               04:12:08   3d8h    3d8h       -     #52    project projection synced   done
#28   completed     -               04:23:36   3d8h    3d8h       -     #51    project projection synced   done
#29   completed     -               04:23:43   3d8h    3d8h       -     #30    project projection synced   done
#31   completed     -               04:44:52   3d8h    3d8h       -     #50    project projection synced   done
#32   completed     -               04:44:59   3d8h    3d8h       -     #33    project projection synced   done
#35   completed     -               05:02:39   3d7h    3d7h       -     #37    project projection synced   done
#36   completed     -               05:02:45   3d7h    3d7h       -     #38    project projection synced   done
#39   completed     -               07:11:06   3d5h    3d5h       -     #44    project projection synced   done
#40   completed     -               07:11:12   3d5h    3d5h       -     #46    project projection synced   done
#41   completed     -               07:11:17   3d5h    3d5h       -     #48    project projection synced   done
#42   completed     -               07:11:23   3d5h    3d5h       -     #47    project projection synced   done
#43   completed     -               07:11:28   3d5h    3d5h       -     #49    project projection synced   done
#53   completed     -               10:22:27   1d2h    1d2h       -     #54    project projection synced   done
#55   completed     -               11:36:15   1d1h    1d1h       -     #56    project projection synced   done
#57   completed     -               00:38:52   12h19m  12h19m     -     #60    project projection synced   done
#58   completed     -               00:38:58   12h19m  12h19m     -     #61    project projection synced   done
#59   completed     -               00:39:04   12h19m  12h19m     -     #62    project projection synced   done
#63   exception     release         11:01:53   1h56m   57s        yes   #64    release artifact rejected   reconcile
#65   completed     -               12:23:19   35m     35m        -     #66    project projection synced   done
12:58:54  watch cycle 6 started
12:58:59  watch cycle 6 running 5s
12:59:02  #63 ready  project synced github_project success
12:59:02  [CYCLE] active=1 started=0 history=20
Northstar Watch  12:59:02  repo=northstar-todo-web  active=1  started=0  history=20  ready=1  running=0  verifying=0  releasing=0  exception=0  completed=32
Issue Status        Stage           Started    Age     Stage Age  Err   PR     Last Event                  Next
#1    completed     -               01:25:01   4d11h   4d11h      -     #2     project projection synced   done
#3    completed     -               07:38:05   4d5h    4d5h       -     #4     project projection synced   done
#5    completed     -               08:14:56   4d4h    4d4h       -     #6     project projection synced   done
#7    completed     -               10:33:21   4d2h    4d2h       -     #8     project projection synced   done
#9    completed     -               11:53:59   4d1h    4d1h       -     #10    project projection synced   done
#11   completed     -               12:52:14   4d      4d         -     #12    project projection synced   done
#13   completed     -               13:10:03   3d23h   3d23h      -     #14    admin action                done
#15   completed     -               13:52:28   3d23h   3d23h      -     #16    project projection synced   done
#17   completed     -               14:04:49   3d22h   3d22h      -     #18    project projection synced   done
#19   completed     -               03:18:31   3d9h    3d9h       -     #22    completed worktree clea...  done
#20   completed     -               03:18:37   3d9h    3d9h       -     #21    project projection synced   done
#23   completed     -               03:50:27   3d9h    3d9h       -     #25    project projection synced   done
#24   completed     -               03:50:33   3d9h    3d9h       -     #25    project projection synced   done
#26   completed     -               04:11:50   3d8h    3d8h       -     #45    project projection synced   done
#27   completed     -               04:12:08   3d8h    3d8h       -     #52    project projection synced   done
#28   completed     -               04:23:36   3d8h    3d8h       -     #51    project projection synced   done
#29   completed     -               04:23:43   3d8h    3d8h       -     #30    project projection synced   done
#31   completed     -               04:44:52   3d8h    3d8h       -     #50    project projection synced   done
#32   completed     -               04:44:59   3d8h    3d8h       -     #33    project projection synced   done
#35   completed     -               05:02:39   3d7h    3d7h       -     #37    project projection synced   done
#36   completed     -               05:02:45   3d7h    3d7h       -     #38    project projection synced   done
#39   completed     -               07:11:06   3d5h    3d5h       -     #44    project projection synced   done
#40   completed     -               07:11:12   3d5h    3d5h       -     #46    project projection synced   done
#41   completed     -               07:11:17   3d5h    3d5h       -     #48    project projection synced   done
#42   completed     -               07:11:23   3d5h    3d5h       -     #47    project projection synced   done
#43   completed     -               07:11:28   3d5h    3d5h       -     #49    project projection synced   done
#53   completed     -               10:22:27   1d2h    1d2h       -     #54    project projection synced   done
#55   completed     -               11:36:15   1d1h    1d1h       -     #56    project projection synced   done
#57   completed     -               00:38:52   12h20m  12h20m     -     #60    project projection synced   done
#58   completed     -               00:38:58   12h20m  12h20m     -     #61    project projection synced   done
#59   completed     -               00:39:04   12h19m  12h19m     -     #62    project projection synced   done
#63   ready         release         11:01:53   1h57m   1m         -     #64    exception resolved          queued
#65   completed     -               12:23:19   35m     35m        -     #66    project projection synced   done
12:59:07  watch cycle 7 started
12:59:12  watch cycle 7 running 5s
12:59:13  #63 ready  project synced github_project success
12:59:13  #63 ready  issue started
12:59:13  #63 ready  worker started
12:59:17  watch cycle 7 running 10s
12:59:21  #63 releasing  project synced github_project success
12:59:21  [CYCLE] active=1 started=1 history=20
Northstar Watch  12:59:21  repo=northstar-todo-web  active=1  started=1  history=20  ready=0  running=0  verifying=0  releasing=1  exception=0  completed=32
Issue Status        Stage           Started    Age     Stage Age  Err   PR     Last Event                  Next
#1    completed     -               01:25:01   4d11h   4d11h      -     #2     project projection synced   done
#3    completed     -               07:38:05   4d5h    4d5h       -     #4     project projection synced   done
#5    completed     -               08:14:56   4d4h    4d4h       -     #6     project projection synced   done
#7    completed     -               10:33:21   4d2h    4d2h       -     #8     project projection synced   done
#9    completed     -               11:53:59   4d1h    4d1h       -     #10    project projection synced   done
#11   completed     -               12:52:14   4d      4d         -     #12    project projection synced   done
#13   completed     -               13:10:03   3d23h   3d23h      -     #14    admin action                done
#15   completed     -               13:52:28   3d23h   3d23h      -     #16    project projection synced   done
#17   completed     -               14:04:49   3d22h   3d22h      -     #18    project projection synced   done
#19   completed     -               03:18:31   3d9h    3d9h       -     #22    completed worktree clea...  done
#20   completed     -               03:18:37   3d9h    3d9h       -     #21    project projection synced   done
#23   completed     -               03:50:27   3d9h    3d9h       -     #25    project projection synced   done
#24   completed     -               03:50:33   3d9h    3d9h       -     #25    project projection synced   done
#26   completed     -               04:11:50   3d8h    3d8h       -     #45    project projection synced   done
#27   completed     -               04:12:08   3d8h    3d8h       -     #52    project projection synced   done
#28   completed     -               04:23:36   3d8h    3d8h       -     #51    project projection synced   done
#29   completed     -               04:23:43   3d8h    3d8h       -     #30    project projection synced   done
#31   completed     -               04:44:52   3d8h    3d8h       -     #50    project projection synced   done
#32   completed     -               04:44:59   3d8h    3d8h       -     #33    project projection synced   done
#35   completed     -               05:02:39   3d7h    3d7h       -     #37    project projection synced   done
#36   completed     -               05:02:45   3d7h    3d7h       -     #38    project projection synced   done
#39   completed     -               07:11:06   3d5h    3d5h       -     #44    project projection synced   done
#40   completed     -               07:11:12   3d5h    3d5h       -     #46    project projection synced   done
#41   completed     -               07:11:17   3d5h    3d5h       -     #48    project projection synced   done
#42   completed     -               07:11:23   3d5h    3d5h       -     #47    project projection synced   done
#43   completed     -               07:11:28   3d5h    3d5h       -     #49    project projection synced   done
#53   completed     -               10:22:27   1d2h    1d2h       -     #54    project projection synced   done
#55   completed     -               11:36:15   1d1h    1d1h       -     #56    project projection synced   done
#57   completed     -               00:38:52   12h20m  12h20m     -     #60    project projection synced   done
#58   completed     -               00:38:58   12h20m  12h20m     -     #61    project projection synced   done
#59   completed     -               00:39:04   12h20m  12h20m     -     #62    project projection synced   done
#63   releasing     release         11:01:53   1h57m   1m         -     #64    child run started           wait release
#65   completed     -               12:23:19   36m     36m        -     #66    project projection synced   done
12:59:26  watch cycle 8 started
12:59:31  watch cycle 8 running 5s
12:59:36  watch cycle 8 running 10s
12:59:41  watch cycle 8 running 15s
12:59:46  watch cycle 8 running 20s
12:59:51  watch cycle 8 running 25s
12:59:56  watch cycle 8 running 30s
13:00:01  watch cycle 8 running 35s
13:00:06  watch cycle 8 running 40s
13:00:11  watch cycle 8 running 45s
13:00:16  watch cycle 8 running 50s
13:00:21  watch cycle 8 running 55s
13:00:26  watch cycle 8 running 1m0s
13:00:31  watch cycle 8 running 1m5s
13:00:36  watch cycle 8 running 1m10s
13:00:41  watch cycle 8 running 1m15s
13:00:46  watch cycle 8 running 1m20s
13:00:51  watch cycle 8 running 1m25s
13:00:56  watch cycle 8 running 1m30s
13:01:01  watch cycle 8 running 1m35s
13:01:06  watch cycle 8 running 1m40s
13:01:11  watch cycle 8 running 1m45s
13:01:16  watch cycle 8 running 1m50s
13:01:21  watch cycle 8 running 1m55s
13:01:26  watch cycle 8 running 2m0s
13:01:31  watch cycle 8 running 2m5s
13:01:36  watch cycle 8 running 2m10s
13:01:41  watch cycle 8 running 2m15s
13:01:42  #63 completed  Released via PR #64.
13:01:46  #63 completed  project synced github_project success
13:01:46  [CYCLE] active=1 started=0 history=20
Northstar Watch  13:01:46  repo=northstar-todo-web  active=1  started=0  history=20  ready=0  running=0  verifying=0  releasing=0  exception=0  completed=33
Issue Status        Stage           Started    Age     Stage Age  Err   PR     Last Event                  Next
#1    completed     -               01:25:01   4d11h   4d11h      -     #2     project projection synced   done
#3    completed     -               07:38:05   4d5h    4d5h       -     #4     project projection synced   done
#5    completed     -               08:14:56   4d4h    4d4h       -     #6     project projection synced   done
#7    completed     -               10:33:21   4d2h    4d2h       -     #8     project projection synced   done
#9    completed     -               11:53:59   4d1h    4d1h       -     #10    project projection synced   done
#11   completed     -               12:52:14   4d      4d         -     #12    project projection synced   done
#13   completed     -               13:10:03   3d23h   3d23h      -     #14    admin action                done
#15   completed     -               13:52:28   3d23h   3d23h      -     #16    project projection synced   done
#17   completed     -               14:04:49   3d22h   3d22h      -     #18    project projection synced   done
#19   completed     -               03:18:31   3d9h    3d9h       -     #22    completed worktree clea...  done
#20   completed     -               03:18:37   3d9h    3d9h       -     #21    project projection synced   done
#23   completed     -               03:50:27   3d9h    3d9h       -     #25    project projection synced   done
#24   completed     -               03:50:33   3d9h    3d9h       -     #25    project projection synced   done
#26   completed     -               04:11:50   3d8h    3d8h       -     #45    project projection synced   done
#27   completed     -               04:12:08   3d8h    3d8h       -     #52    project projection synced   done
#28   completed     -               04:23:36   3d8h    3d8h       -     #51    project projection synced   done
#29   completed     -               04:23:43   3d8h    3d8h       -     #30    project projection synced   done
#31   completed     -               04:44:52   3d8h    3d8h       -     #50    project projection synced   done
#32   completed     -               04:44:59   3d8h    3d8h       -     #33    project projection synced   done
#35   completed     -               05:02:39   3d7h    3d7h       -     #37    project projection synced   done
#36   completed     -               05:02:45   3d7h    3d7h       -     #38    project projection synced   done
#39   completed     -               07:11:06   3d5h    3d5h       -     #44    project projection synced   done
#40   completed     -               07:11:12   3d5h    3d5h       -     #46    project projection synced   done
#41   completed     -               07:11:17   3d5h    3d5h       -     #48    project projection synced   done
#42   completed     -               07:11:23   3d5h    3d5h       -     #47    project projection synced   done
#43   completed     -               07:11:28   3d5h    3d5h       -     #49    project projection synced   done
#53   completed     -               10:22:27   1d2h    1d2h       -     #54    project projection synced   done
#55   completed     -               11:36:15   1d1h    1d1h       -     #56    project projection synced   done
#57   completed     -               00:38:52   12h22m  12h22m     -     #60    project projection synced   done
#58   completed     -               00:38:58   12h22m  12h22m     -     #61    project projection synced   done
#59   completed     -               00:39:04   12h22m  12h22m     -     #62    project projection synced   done
#63   completed     -               11:01:53   1h59m   1h59m      -     #64    project projection synced   done
#65   completed     -               12:23:19   38m     38m        -     #66    project projection synced   done
13:01:51  watch cycle 9 started
13:01:52  [CYCLE] active=0 started=0 history=0
13:01:57  watch cycle 10 started
13:01:57  [CYCLE] active=0 started=0 history=0
Northstar Watch  13:01:57  repo=northstar-todo-web  active=0  started=0  history=0  ready=0  running=0  verifying=0  releasing=0  exception=0  completed=33
Issue Status        Stage           Started    Age     Stage Age  Err   PR     Last Event                  Next
#1    completed     -               01:25:01   4d11h   4d11h      -     #2     project projection synced   done
#3    completed     -               07:38:05   4d5h    4d5h       -     #4     project projection synced   done
#5    completed     -               08:14:56   4d4h    4d4h       -     #6     project projection synced   done
#7    completed     -               10:33:21   4d2h    4d2h       -     #8     project projection synced   done
#9    completed     -               11:53:59   4d1h    4d1h       -     #10    project projection synced   done
#11   completed     -               12:52:14   4d      4d         -     #12    project projection synced   done
#13   completed     -               13:10:03   3d23h   3d23h      -     #14    admin action                done
#15   completed     -               13:52:28   3d23h   3d23h      -     #16    project projection synced   done
#17   completed     -               14:04:49   3d22h   3d22h      -     #18    project projection synced   done
#19   completed     -               03:18:31   3d9h    3d9h       -     #22    completed worktree clea...  done
#20   completed     -               03:18:37   3d9h    3d9h       -     #21    project projection synced   done
#23   completed     -               03:50:27   3d9h    3d9h       -     #25    project projection synced   done
#24   completed     -               03:50:33   3d9h    3d9h       -     #25    project projection synced   done
#26   completed     -               04:11:50   3d8h    3d8h       -     #45    project projection synced   done
#27   completed     -               04:12:08   3d8h    3d8h       -     #52    project projection synced   done
#28   completed     -               04:23:36   3d8h    3d8h       -     #51    project projection synced   done
#29   completed     -               04:23:43   3d8h    3d8h       -     #30    project projection synced   done
#31   completed     -               04:44:52   3d8h    3d8h       -     #50    project projection synced   done
#32   completed     -               04:44:59   3d8h    3d8h       -     #33    project projection synced   done
#35   completed     -               05:02:39   3d7h    3d7h       -     #37    project projection synced   done
#36   completed     -               05:02:45   3d7h    3d7h       -     #38    project projection synced   done
#39   completed     -               07:11:06   3d5h    3d5h       -     #44    project projection synced   done
#40   completed     -               07:11:12   3d5h    3d5h       -     #46    project projection synced   done
#41   completed     -               07:11:17   3d5h    3d5h       -     #48    project projection synced   done
#42   completed     -               07:11:23   3d5h    3d5h       -     #47    project projection synced   done
#43   completed     -               07:11:28   3d5h    3d5h       -     #49    project projection synced   done
#53   completed     -               10:22:27   1d2h    1d2h       -     #54    project projection synced   done
#55   completed     -               11:36:15   1d1h    1d1h       -     #56    project projection synced   done
#57   completed     -               00:38:52   12h23m  12h23m     -     #60    project projection synced   done
#58   completed     -               00:38:58   12h22m  12h22m     -     #61    project projection synced   done
#59   completed     -               00:39:04   12h22m  12h22m     -     #62    project projection synced   done
#63   completed     -               11:01:53   2h      2h         -     #64    project projection synced   done
#65   completed     -               12:23:19   38m     38m        -     #66    project projection synced   done
13:02:02  watch cycle 11 started
13:02:03  [CYCLE] active=0 started=0 history=0
13:02:08  watch cycle 12 started
13:02:09  [CYCLE] active=0 started=0 history=0
Northstar Watch  13:02:09  repo=northstar-todo-web  active=0  started=0  history=0  ready=0  running=0  verifying=0  releasing=0  exception=0  completed=33
Issue Status        Stage           Started    Age     Stage Age  Err   PR     Last Event                  Next
#1    completed     -               01:25:01   4d11h   4d11h      -     #2     project projection synced   done
#3    completed     -               07:38:05   4d5h    4d5h       -     #4     project projection synced   done
#5    completed     -               08:14:56   4d4h    4d4h       -     #6     project projection synced   done
#7    completed     -               10:33:21   4d2h    4d2h       -     #8     project projection synced   done
#9    completed     -               11:53:59   4d1h    4d1h       -     #10    project projection synced   done
#11   completed     -               12:52:14   4d      4d         -     #12    project projection synced   done
#13   completed     -               13:10:03   3d23h   3d23h      -     #14    admin action                done
#15   completed     -               13:52:28   3d23h   3d23h      -     #16    project projection synced   done
#17   completed     -               14:04:49   3d22h   3d22h      -     #18    project projection synced   done
#19   completed     -               03:18:31   3d9h    3d9h       -     #22    completed worktree clea...  done
#20   completed     -               03:18:37   3d9h    3d9h       -     #21    project projection synced   done
#23   completed     -               03:50:27   3d9h    3d9h       -     #25    project projection synced   done
#24   completed     -               03:50:33   3d9h    3d9h       -     #25    project projection synced   done
#26   completed     -               04:11:50   3d8h    3d8h       -     #45    project projection synced   done
#27   completed     -               04:12:08   3d8h    3d8h       -     #52    project projection synced   done
#28   completed     -               04:23:36   3d8h    3d8h       -     #51    project projection synced   done
#29   completed     -               04:23:43   3d8h    3d8h       -     #30    project projection synced   done
#31   completed     -               04:44:52   3d8h    3d8h       -     #50    project projection synced   done
#32   completed     -               04:44:59   3d8h    3d8h       -     #33    project projection synced   done
#35   completed     -               05:02:39   3d7h    3d7h       -     #37    project projection synced   done
#36   completed     -               05:02:45   3d7h    3d7h       -     #38    project projection synced   done
#39   completed     -               07:11:06   3d5h    3d5h       -     #44    project projection synced   done
#40   completed     -               07:11:12   3d5h    3d5h       -     #46    project projection synced   done
#41   completed     -               07:11:17   3d5h    3d5h       -     #48    project projection synced   done
#42   completed     -               07:11:23   3d5h    3d5h       -     #47    project projection synced   done
#43   completed     -               07:11:28   3d5h    3d5h       -     #49    project projection synced   done
#53   completed     -               10:22:27   1d2h    1d2h       -     #54    project projection synced   done
#55   completed     -               11:36:15   1d1h    1d1h       -     #56    project projection synced   done
#57   completed     -               00:38:52   12h23m  12h23m     -     #60    project projection synced   done
#58   completed     -               00:38:58   12h23m  12h23m     -     #61    project projection synced   done
#59   completed     -               00:39:04   12h23m  12h23m     -     #62    project projection synced   done
#63   completed     -               11:01:53   2h      2h         -     #64    project projection synced   done
#65   completed     -               12:23:19   38m     38m        -     #66    project projection synced   done
13:02:14  watch cycle 13 started
13:02:14  [CYCLE] active=0 started=0 history=0
13:02:19  watch cycle 14 started
13:02:20  [CYCLE] active=0 started=0 history=0
Northstar Watch  13:02:20  repo=northstar-todo-web  active=0  started=0  history=0  ready=0  running=0  verifying=0  releasing=0  exception=0  completed=33
Issue Status        Stage           Started    Age     Stage Age  Err   PR     Last Event                  Next
#1    completed     -               01:25:01   4d11h   4d11h      -     #2     project projection synced   done
#3    completed     -               07:38:05   4d5h    4d5h       -     #4     project projection synced   done
#5    completed     -               08:14:56   4d4h    4d4h       -     #6     project projection synced   done
#7    completed     -               10:33:21   4d2h    4d2h       -     #8     project projection synced   done
#9    completed     -               11:53:59   4d1h    4d1h       -     #10    project projection synced   done
#11   completed     -               12:52:14   4d      4d         -     #12    project projection synced   done
#13   completed     -               13:10:03   3d23h   3d23h      -     #14    admin action                done
#15   completed     -               13:52:28   3d23h   3d23h      -     #16    project projection synced   done
#17   completed     -               14:04:49   3d22h   3d22h      -     #18    project projection synced   done
#19   completed     -               03:18:31   3d9h    3d9h       -     #22    completed worktree clea...  done
#20   completed     -               03:18:37   3d9h    3d9h       -     #21    project projection synced   done
#23   completed     -               03:50:27   3d9h    3d9h       -     #25    project projection synced   done
#24   completed     -               03:50:33   3d9h    3d9h       -     #25    project projection synced   done
#26   completed     -               04:11:50   3d8h    3d8h       -     #45    project projection synced   done
#27   completed     -               04:12:08   3d8h    3d8h       -     #52    project projection synced   done
#28   completed     -               04:23:36   3d8h    3d8h       -     #51    project projection synced   done
#29   completed     -               04:23:43   3d8h    3d8h       -     #30    project projection synced   done
#31   completed     -               04:44:52   3d8h    3d8h       -     #50    project projection synced   done
#32   completed     -               04:44:59   3d8h    3d8h       -     #33    project projection synced   done
#35   completed     -               05:02:39   3d7h    3d7h       -     #37    project projection synced   done
#36   completed     -               05:02:45   3d7h    3d7h       -     #38    project projection synced   done
#39   completed     -               07:11:06   3d5h    3d5h       -     #44    project projection synced   done
#40   completed     -               07:11:12   3d5h    3d5h       -     #46    project projection synced   done
#41   completed     -               07:11:17   3d5h    3d5h       -     #48    project projection synced   done
#42   completed     -               07:11:23   3d5h    3d5h       -     #47    project projection synced   done
#43   completed     -               07:11:28   3d5h    3d5h       -     #49    project projection synced   done
#53   completed     -               10:22:27   1d2h    1d2h       -     #54    project projection synced   done
#55   completed     -               11:36:15   1d1h    1d1h       -     #56    project projection synced   done
#57   completed     -               00:38:52   12h23m  12h23m     -     #60    project projection synced   done
#58   completed     -               00:38:58   12h23m  12h23m     -     #61    project projection synced   done
#59   completed     -               00:39:04   12h23m  12h23m     -     #62    project projection synced   done
#63   completed     -               11:01:53   2h      2h         -     #64    project projection synced   done
#65   completed     -               12:23:19   39m     39m        -     #66    project projection synced   done
13:02:25  watch cycle 15 started
13:02:26  [CYCLE] active=0 started=0 history=0
13:02:31  watch cycle 16 started
13:02:31  [CYCLE] active=0 started=0 history=0
Northstar Watch  13:02:31  repo=northstar-todo-web  active=0  started=0  history=0  ready=0  running=0  verifying=0  releasing=0  exception=0  completed=33
Issue Status        Stage           Started    Age     Stage Age  Err   PR     Last Event                  Next
#1    completed     -               01:25:01   4d11h   4d11h      -     #2     project projection synced   done
#3    completed     -               07:38:05   4d5h    4d5h       -     #4     project projection synced   done
#5    completed     -               08:14:56   4d4h    4d4h       -     #6     project projection synced   done
#7    completed     -               10:33:21   4d2h    4d2h       -     #8     project projection synced   done
#9    completed     -               11:53:59   4d1h    4d1h       -     #10    project projection synced   done
#11   completed     -               12:52:14   4d      4d         -     #12    project projection synced   done
#13   completed     -               13:10:03   3d23h   3d23h      -     #14    admin action                done
#15   completed     -               13:52:28   3d23h   3d23h      -     #16    project projection synced   done
#17   completed     -               14:04:49   3d22h   3d22h      -     #18    project projection synced   done
#19   completed     -               03:18:31   3d9h    3d9h       -     #22    completed worktree clea...  done
#20   completed     -               03:18:37   3d9h    3d9h       -     #21    project projection synced   done
#23   completed     -               03:50:27   3d9h    3d9h       -     #25    project projection synced   done
#24   completed     -               03:50:33   3d9h    3d9h       -     #25    project projection synced   done
#26   completed     -               04:11:50   3d8h    3d8h       -     #45    project projection synced   done
#27   completed     -               04:12:08   3d8h    3d8h       -     #52    project projection synced   done
#28   completed     -               04:23:36   3d8h    3d8h       -     #51    project projection synced   done
#29   completed     -               04:23:43   3d8h    3d8h       -     #30    project projection synced   done
#31   completed     -               04:44:52   3d8h    3d8h       -     #50    project projection synced   done
#32   completed     -               04:44:59   3d8h    3d8h       -     #33    project projection synced   done
#35   completed     -               05:02:39   3d7h    3d7h       -     #37    project projection synced   done
#36   completed     -               05:02:45   3d7h    3d7h       -     #38    project projection synced   done
#39   completed     -               07:11:06   3d5h    3d5h       -     #44    project projection synced   done
#40   completed     -               07:11:12   3d5h    3d5h       -     #46    project projection synced   done
#41   completed     -               07:11:17   3d5h    3d5h       -     #48    project projection synced   done
#42   completed     -               07:11:23   3d5h    3d5h       -     #47    project projection synced   done
#43   completed     -               07:11:28   3d5h    3d5h       -     #49    project projection synced   done
#53   completed     -               10:22:27   1d2h    1d2h       -     #54    project projection synced   done
#55   completed     -               11:36:15   1d1h    1d1h       -     #56    project projection synced   done
#57   completed     -               00:38:52   12h23m  12h23m     -     #60    project projection synced   done
#58   completed     -               00:38:58   12h23m  12h23m     -     #61    project projection synced   done
#59   completed     -               00:39:04   12h23m  12h23m     -     #62    project projection synced   done
#63   completed     -               11:01:53   2h      2h         -     #64    project projection synced   done
#65   completed     -               12:23:19   39m     39m        -     #66    project projection synced   done
13:02:36  watch cycle 17 started
13:02:37  [CYCLE] active=0 started=0 history=0
13:02:42  watch cycle 18 started
13:02:43  [CYCLE] active=0 started=0 history=0
Northstar Watch  13:02:43  repo=northstar-todo-web  active=0  started=0  history=0  ready=0  running=0  verifying=0  releasing=0  exception=0  completed=33
Issue Status        Stage           Started    Age     Stage Age  Err   PR     Last Event                  Next
#1    completed     -               01:25:01   4d11h   4d11h      -     #2     project projection synced   done
#3    completed     -               07:38:05   4d5h    4d5h       -     #4     project projection synced   done
#5    completed     -               08:14:56   4d4h    4d4h       -     #6     project projection synced   done
#7    completed     -               10:33:21   4d2h    4d2h       -     #8     project projection synced   done
#9    completed     -               11:53:59   4d1h    4d1h       -     #10    project projection synced   done
#11   completed     -               12:52:14   4d      4d         -     #12    project projection synced   done
#13   completed     -               13:10:03   3d23h   3d23h      -     #14    admin action                done
#15   completed     -               13:52:28   3d23h   3d23h      -     #16    project projection synced   done
#17   completed     -               14:04:49   3d22h   3d22h      -     #18    project projection synced   done
#19   completed     -               03:18:31   3d9h    3d9h       -     #22    completed worktree clea...  done
#20   completed     -               03:18:37   3d9h    3d9h       -     #21    project projection synced   done
#23   completed     -               03:50:27   3d9h    3d9h       -     #25    project projection synced   done
#24   completed     -               03:50:33   3d9h    3d9h       -     #25    project projection synced   done
#26   completed     -               04:11:50   3d8h    3d8h       -     #45    project projection synced   done
#27   completed     -               04:12:08   3d8h    3d8h       -     #52    project projection synced   done
#28   completed     -               04:23:36   3d8h    3d8h       -     #51    project projection synced   done
#29   completed     -               04:23:43   3d8h    3d8h       -     #30    project projection synced   done
#31   completed     -               04:44:52   3d8h    3d8h       -     #50    project projection synced   done
#32   completed     -               04:44:59   3d8h    3d8h       -     #33    project projection synced   done
#35   completed     -               05:02:39   3d8h    3d8h       -     #37    project projection synced   done
#36   completed     -               05:02:45   3d7h    3d7h       -     #38    project projection synced   done
#39   completed     -               07:11:06   3d5h    3d5h       -     #44    project projection synced   done
#40   completed     -               07:11:12   3d5h    3d5h       -     #46    project projection synced   done
#41   completed     -               07:11:17   3d5h    3d5h       -     #48    project projection synced   done
#42   completed     -               07:11:23   3d5h    3d5h       -     #47    project projection synced   done
#43   completed     -               07:11:28   3d5h    3d5h       -     #49    project projection synced   done
#53   completed     -               10:22:27   1d2h    1d2h       -     #54    project projection synced   done
#55   completed     -               11:36:15   1d1h    1d1h       -     #56    project projection synced   done
#57   completed     -               00:38:52   12h23m  12h23m     -     #60    project projection synced   done
#58   completed     -               00:38:58   12h23m  12h23m     -     #61    project projection synced   done
#59   completed     -               00:39:04   12h23m  12h23m     -     #62    project projection synced   done
#63   completed     -               11:01:53   2h      2h         -     #64    project projection synced   done
#65   completed     -               12:23:19   39m     39m        -     #66    project projection synced   done
13:02:48  watch cycle 19 started
13:02:48  [CYCLE] active=0 started=0 history=0
13:02:53  watch cycle 20 started
13:02:54  [CYCLE] active=0 started=0 history=0
Northstar Watch  13:02:54  repo=northstar-todo-web  active=0  started=0  history=0  ready=0  running=0  verifying=0  releasing=0  exception=0  completed=33
Issue Status        Stage           Started    Age     Stage Age  Err   PR     Last Event                  Next
#1    completed     -               01:25:01   4d11h   4d11h      -     #2     project projection synced   done
#3    completed     -               07:38:05   4d5h    4d5h       -     #4     project projection synced   done
#5    completed     -               08:14:56   4d4h    4d4h       -     #6     project projection synced   done
#7    completed     -               10:33:21   4d2h    4d2h       -     #8     project projection synced   done
#9    completed     -               11:53:59   4d1h    4d1h       -     #10    project projection synced   done
#11   completed     -               12:52:14   4d      4d         -     #12    project projection synced   done
#13   completed     -               13:10:03   3d23h   3d23h      -     #14    admin action                done
#15   completed     -               13:52:28   3d23h   3d23h      -     #16    project projection synced   done
#17   completed     -               14:04:49   3d22h   3d22h      -     #18    project projection synced   done
#19   completed     -               03:18:31   3d9h    3d9h       -     #22    completed worktree clea...  done
#20   completed     -               03:18:37   3d9h    3d9h       -     #21    project projection synced   done
#23   completed     -               03:50:27   3d9h    3d9h       -     #25    project projection synced   done
#24   completed     -               03:50:33   3d9h    3d9h       -     #25    project projection synced   done
#26   completed     -               04:11:50   3d8h    3d8h       -     #45    project projection synced   done
#27   completed     -               04:12:08   3d8h    3d8h       -     #52    project projection synced   done
#28   completed     -               04:23:36   3d8h    3d8h       -     #51    project projection synced   done
#29   completed     -               04:23:43   3d8h    3d8h       -     #30    project projection synced   done
#31   completed     -               04:44:52   3d8h    3d8h       -     #50    project projection synced   done
#32   completed     -               04:44:59   3d8h    3d8h       -     #33    project projection synced   done
#35   completed     -               05:02:39   3d8h    3d8h       -     #37    project projection synced   done
#36   completed     -               05:02:45   3d8h    3d8h       -     #38    project projection synced   done
#39   completed     -               07:11:06   3d5h    3d5h       -     #44    project projection synced   done
#40   completed     -               07:11:12   3d5h    3d5h       -     #46    project projection synced   done
#41   completed     -               07:11:17   3d5h    3d5h       -     #48    project projection synced   done
#42   completed     -               07:11:23   3d5h    3d5h       -     #47    project projection synced   done
#43   completed     -               07:11:28   3d5h    3d5h       -     #49    project projection synced   done
#53   completed     -               10:22:27   1d2h    1d2h       -     #54    project projection synced   done
#55   completed     -               11:36:15   1d1h    1d1h       -     #56    project projection synced   done
#57   completed     -               00:38:52   12h24m  12h24m     -     #60    project projection synced   done
#58   completed     -               00:38:58   12h23m  12h23m     -     #61    project projection synced   done
#59   completed     -               00:39:04   12h23m  12h23m     -     #62    project projection synced   done
#63   completed     -               11:01:53   2h1m    2h1m       -     #64    project projection synced   done
#65   completed     -               12:23:19   39m     39m        -     #66    project projection synced   done
13:02:59  watch cycle 21 started
13:02:59  [CYCLE] active=0 started=0 history=0
13:03:04  watch cycle 22 started
13:03:05  [CYCLE] active=0 started=0 history=0
Northstar Watch  13:03:05  repo=northstar-todo-web  active=0  started=0  history=0  ready=0  running=0  verifying=0  releasing=0  exception=0  completed=33
Issue Status        Stage           Started    Age     Stage Age  Err   PR     Last Event                  Next
#1    completed     -               01:25:01   4d11h   4d11h      -     #2     project projection synced   done
#3    completed     -               07:38:05   4d5h    4d5h       -     #4     project projection synced   done
#5    completed     -               08:14:56   4d4h    4d4h       -     #6     project projection synced   done
#7    completed     -               10:33:21   4d2h    4d2h       -     #8     project projection synced   done
#9    completed     -               11:53:59   4d1h    4d1h       -     #10    project projection synced   done
#11   completed     -               12:52:14   4d      4d         -     #12    project projection synced   done
#13   completed     -               13:10:03   3d23h   3d23h      -     #14    admin action                done
#15   completed     -               13:52:28   3d23h   3d23h      -     #16    project projection synced   done
#17   completed     -               14:04:49   3d22h   3d22h      -     #18    project projection synced   done
#19   completed     -               03:18:31   3d9h    3d9h       -     #22    completed worktree clea...  done
#20   completed     -               03:18:37   3d9h    3d9h       -     #21    project projection synced   done
#23   completed     -               03:50:27   3d9h    3d9h       -     #25    project projection synced   done
#24   completed     -               03:50:33   3d9h    3d9h       -     #25    project projection synced   done
#26   completed     -               04:11:50   3d8h    3d8h       -     #45    project projection synced   done
#27   completed     -               04:12:08   3d8h    3d8h       -     #52    project projection synced   done
#28   completed     -               04:23:36   3d8h    3d8h       -     #51    project projection synced   done
#29   completed     -               04:23:43   3d8h    3d8h       -     #30    project projection synced   done
#31   completed     -               04:44:52   3d8h    3d8h       -     #50    project projection synced   done
#32   completed     -               04:44:59   3d8h    3d8h       -     #33    project projection synced   done
#35   completed     -               05:02:39   3d8h    3d8h       -     #37    project projection synced   done
#36   completed     -               05:02:45   3d8h    3d8h       -     #38    project projection synced   done
#39   completed     -               07:11:06   3d5h    3d5h       -     #44    project projection synced   done
#40   completed     -               07:11:12   3d5h    3d5h       -     #46    project projection synced   done
#41   completed     -               07:11:17   3d5h    3d5h       -     #48    project projection synced   done
#42   completed     -               07:11:23   3d5h    3d5h       -     #47    project projection synced   done
#43   completed     -               07:11:28   3d5h    3d5h       -     #49    project projection synced   done
#53   completed     -               10:22:27   1d2h    1d2h       -     #54    project projection synced   done
#55   completed     -               11:36:15   1d1h    1d1h       -     #56    project projection synced   done
#57   completed     -               00:38:52   12h24m  12h24m     -     #60    project projection synced   done
#58   completed     -               00:38:58   12h24m  12h24m     -     #61    project projection synced   done
#59   completed     -               00:39:04   12h24m  12h24m     -     #62    project projection synced   done
#63   completed     -               11:01:53   2h1m    2h1m       -     #64    project projection synced   done
#65   completed     -               12:23:19   39m     39m        -     #66    project projection synced   done
13:03:10  watch cycle 23 started
13:03:11  [CYCLE] active=0 started=0 history=0
13:03:16  watch cycle 24 started
13:03:17  [CYCLE] active=0 started=0 history=0
Northstar Watch  13:03:17  repo=northstar-todo-web  active=0  started=0  history=0  ready=0  running=0  verifying=0  releasing=0  exception=0  completed=33
Issue Status        Stage           Started    Age     Stage Age  Err   PR     Last Event                  Next
#1    completed     -               01:25:01   4d11h   4d11h      -     #2     project projection synced   done
#3    completed     -               07:38:05   4d5h    4d5h       -     #4     project projection synced   done
#5    completed     -               08:14:56   4d4h    4d4h       -     #6     project projection synced   done
#7    completed     -               10:33:21   4d2h    4d2h       -     #8     project projection synced   done
#9    completed     -               11:53:59   4d1h    4d1h       -     #10    project projection synced   done
#11   completed     -               12:52:14   4d      4d         -     #12    project projection synced   done
#13   completed     -               13:10:03   3d23h   3d23h      -     #14    admin action                done
#15   completed     -               13:52:28   3d23h   3d23h      -     #16    project projection synced   done
#17   completed     -               14:04:49   3d22h   3d22h      -     #18    project projection synced   done
#19   completed     -               03:18:31   3d9h    3d9h       -     #22    completed worktree clea...  done
#20   completed     -               03:18:37   3d9h    3d9h       -     #21    project projection synced   done
#23   completed     -               03:50:27   3d9h    3d9h       -     #25    project projection synced   done
#24   completed     -               03:50:33   3d9h    3d9h       -     #25    project projection synced   done
#26   completed     -               04:11:50   3d8h    3d8h       -     #45    project projection synced   done
#27   completed     -               04:12:08   3d8h    3d8h       -     #52    project projection synced   done
#28   completed     -               04:23:36   3d8h    3d8h       -     #51    project projection synced   done
#29   completed     -               04:23:43   3d8h    3d8h       -     #30    project projection synced   done
#31   completed     -               04:44:52   3d8h    3d8h       -     #50    project projection synced   done
#32   completed     -               04:44:59   3d8h    3d8h       -     #33    project projection synced   done
#35   completed     -               05:02:39   3d8h    3d8h       -     #37    project projection synced   done
#36   completed     -               05:02:45   3d8h    3d8h       -     #38    project projection synced   done
#39   completed     -               07:11:06   3d5h    3d5h       -     #44    project projection synced   done
#40   completed     -               07:11:12   3d5h    3d5h       -     #46    project projection synced   done
#41   completed     -               07:11:17   3d5h    3d5h       -     #48    project projection synced   done
#42   completed     -               07:11:23   3d5h    3d5h       -     #47    project projection synced   done
#43   completed     -               07:11:28   3d5h    3d5h       -     #49    project projection synced   done
#53   completed     -               10:22:27   1d2h    1d2h       -     #54    project projection synced   done
#55   completed     -               11:36:15   1d1h    1d1h       -     #56    project projection synced   done
#57   completed     -               00:38:52   12h24m  12h24m     -     #60    project projection synced   done
#58   completed     -               00:38:58   12h24m  12h24m     -     #61    project projection synced   done
#59   completed     -               00:39:04   12h24m  12h24m     -     #62    project projection synced   done
#63   completed     -               11:01:53   2h1m    2h1m       -     #64    project projection synced   done
#65   completed     -               12:23:19   39m     39m        -     #66    project projection synced   done
13:03:22  watch cycle 25 started
13:03:22  [CYCLE] active=0 started=0 history=0
13:03:27  watch cycle 26 started
13:03:28  [CYCLE] active=0 started=0 history=0
Northstar Watch  13:03:28  repo=northstar-todo-web  active=0  started=0  history=0  ready=0  running=0  verifying=0  releasing=0  exception=0  completed=33
Issue Status        Stage           Started    Age     Stage Age  Err   PR     Last Event                  Next
#1    completed     -               01:25:01   4d11h   4d11h      -     #2     project projection synced   done
#3    completed     -               07:38:05   4d5h    4d5h       -     #4     project projection synced   done
#5    completed     -               08:14:56   4d4h    4d4h       -     #6     project projection synced   done
#7    completed     -               10:33:21   4d2h    4d2h       -     #8     project projection synced   done
#9    completed     -               11:53:59   4d1h    4d1h       -     #10    project projection synced   done
#11   completed     -               12:52:14   4d      4d         -     #12    project projection synced   done
#13   completed     -               13:10:03   3d23h   3d23h      -     #14    admin action                done
#15   completed     -               13:52:28   3d23h   3d23h      -     #16    project projection synced   done
#17   completed     -               14:04:49   3d22h   3d22h      -     #18    project projection synced   done
#19   completed     -               03:18:31   3d9h    3d9h       -     #22    completed worktree clea...  done
#20   completed     -               03:18:37   3d9h    3d9h       -     #21    project projection synced   done
#23   completed     -               03:50:27   3d9h    3d9h       -     #25    project projection synced   done
#24   completed     -               03:50:33   3d9h    3d9h       -     #25    project projection synced   done
#26   completed     -               04:11:50   3d8h    3d8h       -     #45    project projection synced   done
#27   completed     -               04:12:08   3d8h    3d8h       -     #52    project projection synced   done
#28   completed     -               04:23:36   3d8h    3d8h       -     #51    project projection synced   done
#29   completed     -               04:23:43   3d8h    3d8h       -     #30    project projection synced   done
#31   completed     -               04:44:52   3d8h    3d8h       -     #50    project projection synced   done
#32   completed     -               04:44:59   3d8h    3d8h       -     #33    project projection synced   done
#35   completed     -               05:02:39   3d8h    3d8h       -     #37    project projection synced   done
#36   completed     -               05:02:45   3d8h    3d8h       -     #38    project projection synced   done
#39   completed     -               07:11:06   3d5h    3d5h       -     #44    project projection synced   done
#40   completed     -               07:11:12   3d5h    3d5h       -     #46    project projection synced   done
#41   completed     -               07:11:17   3d5h    3d5h       -     #48    project projection synced   done
#42   completed     -               07:11:23   3d5h    3d5h       -     #47    project projection synced   done
#43   completed     -               07:11:28   3d5h    3d5h       -     #49    project projection synced   done
#53   completed     -               10:22:27   1d2h    1d2h       -     #54    project projection synced   done
#55   completed     -               11:36:15   1d1h    1d1h       -     #56    project projection synced   done
#57   completed     -               00:38:52   12h24m  12h24m     -     #60    project projection synced   done
#58   completed     -               00:38:58   12h24m  12h24m     -     #61    project projection synced   done
#59   completed     -               00:39:04   12h24m  12h24m     -     #62    project projection synced   done
#63   completed     -               11:01:53   2h1m    2h1m       -     #64    project projection synced   done
#65   completed     -               12:23:19   40m     40m        -     #66    project projection synced   done
13:03:33  watch cycle 27 started
13:03:34  [CYCLE] active=0 started=0 history=0
13:03:39  watch cycle 28 started
13:03:40  [CYCLE] active=0 started=0 history=0
Northstar Watch  13:03:40  repo=northstar-todo-web  active=0  started=0  history=0  ready=0  running=0  verifying=0  releasing=0  exception=0  completed=33
Issue Status        Stage           Started    Age     Stage Age  Err   PR     Last Event                  Next
#1    completed     -               01:25:01   4d11h   4d11h      -     #2     project projection synced   done
#3    completed     -               07:38:05   4d5h    4d5h       -     #4     project projection synced   done
#5    completed     -               08:14:56   4d4h    4d4h       -     #6     project projection synced   done
#7    completed     -               10:33:21   4d2h    4d2h       -     #8     project projection synced   done
#9    completed     -               11:53:59   4d1h    4d1h       -     #10    project projection synced   done
#11   completed     -               12:52:14   4d      4d         -     #12    project projection synced   done
#13   completed     -               13:10:03   3d23h   3d23h      -     #14    admin action                done
#15   completed     -               13:52:28   3d23h   3d23h      -     #16    project projection synced   done
#17   completed     -               14:04:49   3d22h   3d22h      -     #18    project projection synced   done
#19   completed     -               03:18:31   3d9h    3d9h       -     #22    completed worktree clea...  done
#20   completed     -               03:18:37   3d9h    3d9h       -     #21    project projection synced   done
#23   completed     -               03:50:27   3d9h    3d9h       -     #25    project projection synced   done
#24   completed     -               03:50:33   3d9h    3d9h       -     #25    project projection synced   done
#26   completed     -               04:11:50   3d8h    3d8h       -     #45    project projection synced   done
#27   completed     -               04:12:08   3d8h    3d8h       -     #52    project projection synced   done
#28   completed     -               04:23:36   3d8h    3d8h       -     #51    project projection synced   done
#29   completed     -               04:23:43   3d8h    3d8h       -     #30    project projection synced   done
#31   completed     -               04:44:52   3d8h    3d8h       -     #50    project projection synced   done
#32   completed     -               04:44:59   3d8h    3d8h       -     #33    project projection synced   done
#35   completed     -               05:02:39   3d8h    3d8h       -     #37    project projection synced   done
#36   completed     -               05:02:45   3d8h    3d8h       -     #38    project projection synced   done
#39   completed     -               07:11:06   3d5h    3d5h       -     #44    project projection synced   done
#40   completed     -               07:11:12   3d5h    3d5h       -     #46    project projection synced   done
#41   completed     -               07:11:17   3d5h    3d5h       -     #48    project projection synced   done
#42   completed     -               07:11:23   3d5h    3d5h       -     #47    project projection synced   done
#43   completed     -               07:11:28   3d5h    3d5h       -     #49    project projection synced   done
#53   completed     -               10:22:27   1d2h    1d2h       -     #54    project projection synced   done
#55   completed     -               11:36:15   1d1h    1d1h       -     #56    project projection synced   done
#57   completed     -               00:38:52   12h24m  12h24m     -     #60    project projection synced   done
#58   completed     -               00:38:58   12h24m  12h24m     -     #61    project projection synced   done
#59   completed     -               00:39:04   12h24m  12h24m     -     #62    project projection synced   done
#63   completed     -               11:01:53   2h1m    2h1m       -     #64    project projection synced   done
#65   completed     -               12:23:19   40m     40m        -     #66    project projection synced   done
13:03:45  watch cycle 29 started
13:03:47  [CYCLE] active=0 started=0 history=0
13:03:52  watch cycle 30 started
13:03:54  [CYCLE] active=0 started=0 history=0
Northstar Watch  13:03:54  repo=northstar-todo-web  active=0  started=0  history=0  ready=0  running=0  verifying=0  releasing=0  exception=0  completed=33
Issue Status        Stage           Started    Age     Stage Age  Err   PR     Last Event                  Next
#1    completed     -               01:25:01   4d11h   4d11h      -     #2     project projection synced   done
#3    completed     -               07:38:05   4d5h    4d5h       -     #4     project projection synced   done
#5    completed     -               08:14:56   4d4h    4d4h       -     #6     project projection synced   done
#7    completed     -               10:33:21   4d2h    4d2h       -     #8     project projection synced   done
#9    completed     -               11:53:59   4d1h    4d1h       -     #10    project projection synced   done
#11   completed     -               12:52:14   4d      4d         -     #12    project projection synced   done
#13   completed     -               13:10:03   3d23h   3d23h      -     #14    admin action                done
#15   completed     -               13:52:28   3d23h   3d23h      -     #16    project projection synced   done
#17   completed     -               14:04:49   3d22h   3d22h      -     #18    project projection synced   done
#19   completed     -               03:18:31   3d9h    3d9h       -     #22    completed worktree clea...  done
#20   completed     -               03:18:37   3d9h    3d9h       -     #21    project projection synced   done
#23   completed     -               03:50:27   3d9h    3d9h       -     #25    project projection synced   done
#24   completed     -               03:50:33   3d9h    3d9h       -     #25    project projection synced   done
#26   completed     -               04:11:50   3d8h    3d8h       -     #45    project projection synced   done
#27   completed     -               04:12:08   3d8h    3d8h       -     #52    project projection synced   done
#28   completed     -               04:23:36   3d8h    3d8h       -     #51    project projection synced   done
#29   completed     -               04:23:43   3d8h    3d8h       -     #30    project projection synced   done
#31   completed     -               04:44:52   3d8h    3d8h       -     #50    project projection synced   done
#32   completed     -               04:44:59   3d8h    3d8h       -     #33    project projection synced   done
#35   completed     -               05:02:39   3d8h    3d8h       -     #37    project projection synced   done
#36   completed     -               05:02:45   3d8h    3d8h       -     #38    project projection synced   done
#39   completed     -               07:11:06   3d5h    3d5h       -     #44    project projection synced   done
#40   completed     -               07:11:12   3d5h    3d5h       -     #46    project projection synced   done
#41   completed     -               07:11:17   3d5h    3d5h       -     #48    project projection synced   done
#42   completed     -               07:11:23   3d5h    3d5h       -     #47    project projection synced   done
#43   completed     -               07:11:28   3d5h    3d5h       -     #49    project projection synced   done
#53   completed     -               10:22:27   1d2h    1d2h       -     #54    project projection synced   done
#55   completed     -               11:36:15   1d1h    1d1h       -     #56    project projection synced   done
#57   completed     -               00:38:52   12h25m  12h25m     -     #60    project projection synced   done
#58   completed     -               00:38:58   12h24m  12h24m     -     #61    project projection synced   done
#59   completed     -               00:39:04   12h24m  12h24m     -     #62    project projection synced   done
#63   completed     -               11:01:53   2h2m    2h2m       -     #64    project projection synced   done
#65   completed     -               12:23:19   40m     40m        -     #66    project projection synced   done
13:03:59  watch cycle 31 started
13:04:01  [CYCLE] active=0 started=0 history=0
13:04:06  watch cycle 32 started
13:04:07  [CYCLE] active=0 started=0 history=0
Northstar Watch  13:04:07  repo=northstar-todo-web  active=0  started=0  history=0  ready=0  running=0  verifying=0  releasing=0  exception=0  completed=33
Issue Status        Stage           Started    Age     Stage Age  Err   PR     Last Event                  Next
#1    completed     -               01:25:01   4d11h   4d11h      -     #2     project projection synced   done
#3    completed     -               07:38:05   4d5h    4d5h       -     #4     project projection synced   done
#5    completed     -               08:14:56   4d4h    4d4h       -     #6     project projection synced   done
#7    completed     -               10:33:21   4d2h    4d2h       -     #8     project projection synced   done
#9    completed     -               11:53:59   4d1h    4d1h       -     #10    project projection synced   done
#11   completed     -               12:52:14   4d      4d         -     #12    project projection synced   done
#13   completed     -               13:10:03   3d23h   3d23h      -     #14    admin action                done
#15   completed     -               13:52:28   3d23h   3d23h      -     #16    project projection synced   done
#17   completed     -               14:04:49   3d22h   3d22h      -     #18    project projection synced   done
#19   completed     -               03:18:31   3d9h    3d9h       -     #22    completed worktree clea...  done
#20   completed     -               03:18:37   3d9h    3d9h       -     #21    project projection synced   done
#23   completed     -               03:50:27   3d9h    3d9h       -     #25    project projection synced   done
#24   completed     -               03:50:33   3d9h    3d9h       -     #25    project projection synced   done
#26   completed     -               04:11:50   3d8h    3d8h       -     #45    project projection synced   done
#27   completed     -               04:12:08   3d8h    3d8h       -     #52    project projection synced   done
#28   completed     -               04:23:36   3d8h    3d8h       -     #51    project projection synced   done
#29   completed     -               04:23:43   3d8h    3d8h       -     #30    project projection synced   done
#31   completed     -               04:44:52   3d8h    3d8h       -     #50    project projection synced   done
#32   completed     -               04:44:59   3d8h    3d8h       -     #33    project projection synced   done
#35   completed     -               05:02:39   3d8h    3d8h       -     #37    project projection synced   done
#36   completed     -               05:02:45   3d8h    3d8h       -     #38    project projection synced   done
#39   completed     -               07:11:06   3d5h    3d5h       -     #44    project projection synced   done
#40   completed     -               07:11:12   3d5h    3d5h       -     #46    project projection synced   done
#41   completed     -               07:11:17   3d5h    3d5h       -     #48    project projection synced   done
#42   completed     -               07:11:23   3d5h    3d5h       -     #47    project projection synced   done
#43   completed     -               07:11:28   3d5h    3d5h       -     #49    project projection synced   done
#53   completed     -               10:22:27   1d2h    1d2h       -     #54    project projection synced   done
#55   completed     -               11:36:15   1d1h    1d1h       -     #56    project projection synced   done
#57   completed     -               00:38:52   12h25m  12h25m     -     #60    project projection synced   done
#58   completed     -               00:38:58   12h25m  12h25m     -     #61    project projection synced   done
#59   completed     -               00:39:04   12h25m  12h25m     -     #62    project projection synced   done
#63   completed     -               11:01:53   2h2m    2h2m       -     #64    project projection synced   done
#65   completed     -               12:23:19   40m     40m        -     #66    project projection synced   done
13:04:12  watch cycle 33 started
13:04:13  [CYCLE] active=0 started=0 history=0
13:04:18  watch cycle 34 started
13:04:19  [CYCLE] active=0 started=0 history=0
Northstar Watch  13:04:19  repo=northstar-todo-web  active=0  started=0  history=0  ready=0  running=0  verifying=0  releasing=0  exception=0  completed=33
Issue Status        Stage           Started    Age     Stage Age  Err   PR     Last Event                  Next
#1    completed     -               01:25:01   4d11h   4d11h      -     #2     project projection synced   done
#3    completed     -               07:38:05   4d5h    4d5h       -     #4     project projection synced   done
#5    completed     -               08:14:56   4d4h    4d4h       -     #6     project projection synced   done
#7    completed     -               10:33:21   4d2h    4d2h       -     #8     project projection synced   done
#9    completed     -               11:53:59   4d1h    4d1h       -     #10    project projection synced   done
#11   completed     -               12:52:14   4d      4d         -     #12    project projection synced   done
#13   completed     -               13:10:03   3d23h   3d23h      -     #14    admin action                done
#15   completed     -               13:52:28   3d23h   3d23h      -     #16    project projection synced   done
#17   completed     -               14:04:49   3d22h   3d22h      -     #18    project projection synced   done
#19   completed     -               03:18:31   3d9h    3d9h       -     #22    completed worktree clea...  done
#20   completed     -               03:18:37   3d9h    3d9h       -     #21    project projection synced   done
#23   completed     -               03:50:27   3d9h    3d9h       -     #25    project projection synced   done
#24   completed     -               03:50:33   3d9h    3d9h       -     #25    project projection synced   done
#26   completed     -               04:11:50   3d8h    3d8h       -     #45    project projection synced   done
#27   completed     -               04:12:08   3d8h    3d8h       -     #52    project projection synced   done
#28   completed     -               04:23:36   3d8h    3d8h       -     #51    project projection synced   done
#29   completed     -               04:23:43   3d8h    3d8h       -     #30    project projection synced   done
#31   completed     -               04:44:52   3d8h    3d8h       -     #50    project projection synced   done
#32   completed     -               04:44:59   3d8h    3d8h       -     #33    project projection synced   done
#35   completed     -               05:02:39   3d8h    3d8h       -     #37    project projection synced   done
#36   completed     -               05:02:45   3d8h    3d8h       -     #38    project projection synced   done
#39   completed     -               07:11:06   3d5h    3d5h       -     #44    project projection synced   done
#40   completed     -               07:11:12   3d5h    3d5h       -     #46    project projection synced   done
#41   completed     -               07:11:17   3d5h    3d5h       -     #48    project projection synced   done
#42   completed     -               07:11:23   3d5h    3d5h       -     #47    project projection synced   done
#43   completed     -               07:11:28   3d5h    3d5h       -     #49    project projection synced   done
#53   completed     -               10:22:27   1d2h    1d2h       -     #54    project projection synced   done
#55   completed     -               11:36:15   1d1h    1d1h       -     #56    project projection synced   done
#57   completed     -               00:38:52   12h25m  12h25m     -     #60    project projection synced   done
#58   completed     -               00:38:58   12h25m  12h25m     -     #61    project projection synced   done
#59   completed     -               00:39:04   12h25m  12h25m     -     #62    project projection synced   done
#63   completed     -               11:01:53   2h2m    2h2m       -     #64    project projection synced   done
#65   completed     -               12:23:19   41m     41m        -     #66    project projection synced   done
13:04:24  watch cycle 35 started
13:04:26  [CYCLE] active=0 started=0 history=0
13:04:31  watch cycle 36 started
13:04:32  [CYCLE] active=0 started=0 history=0
Northstar Watch  13:04:32  repo=northstar-todo-web  active=0  started=0  history=0  ready=0  running=0  verifying=0  releasing=0  exception=0  completed=33
Issue Status        Stage           Started    Age     Stage Age  Err   PR     Last Event                  Next
#1    completed     -               01:25:01   4d11h   4d11h      -     #2     project projection synced   done
#3    completed     -               07:38:05   4d5h    4d5h       -     #4     project projection synced   done
#5    completed     -               08:14:56   4d4h    4d4h       -     #6     project projection synced   done
#7    completed     -               10:33:21   4d2h    4d2h       -     #8     project projection synced   done
#9    completed     -               11:53:59   4d1h    4d1h       -     #10    project projection synced   done
#11   completed     -               12:52:14   4d      4d         -     #12    project projection synced   done
#13   completed     -               13:10:03   3d23h   3d23h      -     #14    admin action                done
#15   completed     -               13:52:28   3d23h   3d23h      -     #16    project projection synced   done
#17   completed     -               14:04:49   3d22h   3d22h      -     #18    project projection synced   done
#19   completed     -               03:18:31   3d9h    3d9h       -     #22    completed worktree clea...  done
#20   completed     -               03:18:37   3d9h    3d9h       -     #21    project projection synced   done
#23   completed     -               03:50:27   3d9h    3d9h       -     #25    project projection synced   done
#24   completed     -               03:50:33   3d9h    3d9h       -     #25    project projection synced   done
#26   completed     -               04:11:50   3d8h    3d8h       -     #45    project projection synced   done
#27   completed     -               04:12:08   3d8h    3d8h       -     #52    project projection synced   done
#28   completed     -               04:23:36   3d8h    3d8h       -     #51    project projection synced   done
#29   completed     -               04:23:43   3d8h    3d8h       -     #30    project projection synced   done
#31   completed     -               04:44:52   3d8h    3d8h       -     #50    project projection synced   done
#32   completed     -               04:44:59   3d8h    3d8h       -     #33    project projection synced   done
#35   completed     -               05:02:39   3d8h    3d8h       -     #37    project projection synced   done
#36   completed     -               05:02:45   3d8h    3d8h       -     #38    project projection synced   done
#39   completed     -               07:11:06   3d5h    3d5h       -     #44    project projection synced   done
#40   completed     -               07:11:12   3d5h    3d5h       -     #46    project projection synced   done
#41   completed     -               07:11:17   3d5h    3d5h       -     #48    project projection synced   done
#42   completed     -               07:11:23   3d5h    3d5h       -     #47    project projection synced   done
#43   completed     -               07:11:28   3d5h    3d5h       -     #49    project projection synced   done
#53   completed     -               10:22:27   1d2h    1d2h       -     #54    project projection synced   done
#55   completed     -               11:36:15   1d1h    1d1h       -     #56    project projection synced   done
#57   completed     -               00:38:52   12h25m  12h25m     -     #60    project projection synced   done
#58   completed     -               00:38:58   12h25m  12h25m     -     #61    project projection synced   done
#59   completed     -               00:39:04   12h25m  12h25m     -     #62    project projection synced   done
#63   completed     -               11:01:53   2h2m    2h2m       -     #64    project projection synced   done
#65   completed     -               12:23:19   41m     41m        -     #66    project projection synced   done
13:04:37  watch cycle 37 started
13:04:38  [CYCLE] active=0 started=0 history=0
13:04:43  watch cycle 38 started
13:04:45  [CYCLE] active=0 started=0 history=0
Northstar Watch  13:04:45  repo=northstar-todo-web  active=0  started=0  history=0  ready=0  running=0  verifying=0  releasing=0  exception=0  completed=33
Issue Status        Stage           Started    Age     Stage Age  Err   PR     Last Event                  Next
#1    completed     -               01:25:01   4d11h   4d11h      -     #2     project projection synced   done
#3    completed     -               07:38:05   4d5h    4d5h       -     #4     project projection synced   done
#5    completed     -               08:14:56   4d4h    4d4h       -     #6     project projection synced   done
#7    completed     -               10:33:21   4d2h    4d2h       -     #8     project projection synced   done
#9    completed     -               11:53:59   4d1h    4d1h       -     #10    project projection synced   done
#11   completed     -               12:52:14   4d      4d         -     #12    project projection synced   done
#13   completed     -               13:10:03   3d23h   3d23h      -     #14    admin action                done
#15   completed     -               13:52:28   3d23h   3d23h      -     #16    project projection synced   done
#17   completed     -               14:04:49   3d22h   3d22h      -     #18    project projection synced   done
#19   completed     -               03:18:31   3d9h    3d9h       -     #22    completed worktree clea...  done
#20   completed     -               03:18:37   3d9h    3d9h       -     #21    project projection synced   done
#23   completed     -               03:50:27   3d9h    3d9h       -     #25    project projection synced   done
#24   completed     -               03:50:33   3d9h    3d9h       -     #25    project projection synced   done
#26   completed     -               04:11:50   3d8h    3d8h       -     #45    project projection synced   done
#27   completed     -               04:12:08   3d8h    3d8h       -     #52    project projection synced   done
#28   completed     -               04:23:36   3d8h    3d8h       -     #51    project projection synced   done
#29   completed     -               04:23:43   3d8h    3d8h       -     #30    project projection synced   done
#31   completed     -               04:44:52   3d8h    3d8h       -     #50    project projection synced   done
#32   completed     -               04:44:59   3d8h    3d8h       -     #33    project projection synced   done
#35   completed     -               05:02:39   3d8h    3d8h       -     #37    project projection synced   done
#36   completed     -               05:02:45   3d8h    3d8h       -     #38    project projection synced   done
#39   completed     -               07:11:06   3d5h    3d5h       -     #44    project projection synced   done
#40   completed     -               07:11:12   3d5h    3d5h       -     #46    project projection synced   done
#41   completed     -               07:11:17   3d5h    3d5h       -     #48    project projection synced   done
#42   completed     -               07:11:23   3d5h    3d5h       -     #47    project projection synced   done
#43   completed     -               07:11:28   3d5h    3d5h       -     #49    project projection synced   done
#53   completed     -               10:22:27   1d2h    1d2h       -     #54    project projection synced   done
#55   completed     -               11:36:15   1d1h    1d1h       -     #56    project projection synced   done
#57   completed     -               00:38:52   12h25m  12h25m     -     #60    project projection synced   done
#58   completed     -               00:38:58   12h25m  12h25m     -     #61    project projection synced   done
#59   completed     -               00:39:04   12h25m  12h25m     -     #62    project projection synced   done
#63   completed     -               11:01:53   2h2m    2h2m       -     #64    project projection synced   done
#65   completed     -               12:23:19   41m     41m        -     #66    project projection synced   done
13:04:50  watch cycle 39 started
13:04:51  [CYCLE] active=0 started=0 history=0
13:04:56  watch cycle 40 started
13:04:57  [CYCLE] active=0 started=0 history=0
Northstar Watch  13:04:57  repo=northstar-todo-web  active=0  started=0  history=0  ready=0  running=0  verifying=0  releasing=0  exception=0  completed=33
Issue Status        Stage           Started    Age     Stage Age  Err   PR     Last Event                  Next
#1    completed     -               01:25:01   4d11h   4d11h      -     #2     project projection synced   done
#3    completed     -               07:38:05   4d5h    4d5h       -     #4     project projection synced   done
#5    completed     -               08:14:56   4d4h    4d4h       -     #6     project projection synced   done
#7    completed     -               10:33:21   4d2h    4d2h       -     #8     project projection synced   done
#9    completed     -               11:53:59   4d1h    4d1h       -     #10    project projection synced   done
#11   completed     -               12:52:14   4d      4d         -     #12    project projection synced   done
#13   completed     -               13:10:03   3d23h   3d23h      -     #14    admin action                done
#15   completed     -               13:52:28   3d23h   3d23h      -     #16    project projection synced   done
#17   completed     -               14:04:49   3d23h   3d23h      -     #18    project projection synced   done
#19   completed     -               03:18:31   3d9h    3d9h       -     #22    completed worktree clea...  done
#20   completed     -               03:18:37   3d9h    3d9h       -     #21    project projection synced   done
#23   completed     -               03:50:27   3d9h    3d9h       -     #25    project projection synced   done
#24   completed     -               03:50:33   3d9h    3d9h       -     #25    project projection synced   done
#26   completed     -               04:11:50   3d8h    3d8h       -     #45    project projection synced   done
#27   completed     -               04:12:08   3d8h    3d8h       -     #52    project projection synced   done
#28   completed     -               04:23:36   3d8h    3d8h       -     #51    project projection synced   done
#29   completed     -               04:23:43   3d8h    3d8h       -     #30    project projection synced   done
#31   completed     -               04:44:52   3d8h    3d8h       -     #50    project projection synced   done
#32   completed     -               04:44:59   3d8h    3d8h       -     #33    project projection synced   done
#35   completed     -               05:02:39   3d8h    3d8h       -     #37    project projection synced   done
#36   completed     -               05:02:45   3d8h    3d8h       -     #38    project projection synced   done
#39   completed     -               07:11:06   3d5h    3d5h       -     #44    project projection synced   done
#40   completed     -               07:11:12   3d5h    3d5h       -     #46    project projection synced   done
#41   completed     -               07:11:17   3d5h    3d5h       -     #48    project projection synced   done
#42   completed     -               07:11:23   3d5h    3d5h       -     #47    project projection synced   done
#43   completed     -               07:11:28   3d5h    3d5h       -     #49    project projection synced   done
#53   completed     -               10:22:27   1d2h    1d2h       -     #54    project projection synced   done
#55   completed     -               11:36:15   1d1h    1d1h       -     #56    project projection synced   done
#57   completed     -               00:38:52   12h26m  12h26m     -     #60    project projection synced   done
#58   completed     -               00:38:58   12h25m  12h25m     -     #61    project projection synced   done
#59   completed     -               00:39:04   12h25m  12h25m     -     #62    project projection synced   done
#63   completed     -               11:01:53   2h3m    2h3m       -     #64    project projection synced   done
#65   completed     -               12:23:19   41m     41m        -     #66    project projection synced   done
13:05:02  watch cycle 41 started
13:05:03  [CYCLE] active=0 started=0 history=0
13:05:08  watch cycle 42 started
13:05:09  [CYCLE] active=0 started=0 history=0
Northstar Watch  13:05:09  repo=northstar-todo-web  active=0  started=0  history=0  ready=0  running=0  verifying=0  releasing=0  exception=0  completed=33
Issue Status        Stage           Started    Age     Stage Age  Err   PR     Last Event                  Next
#1    completed     -               01:25:01   4d11h   4d11h      -     #2     project projection synced   done
#3    completed     -               07:38:05   4d5h    4d5h       -     #4     project projection synced   done
#5    completed     -               08:14:56   4d4h    4d4h       -     #6     project projection synced   done
#7    completed     -               10:33:21   4d2h    4d2h       -     #8     project projection synced   done
#9    completed     -               11:53:59   4d1h    4d1h       -     #10    project projection synced   done
#11   completed     -               12:52:14   4d      4d         -     #12    project projection synced   done
#13   completed     -               13:10:03   3d23h   3d23h      -     #14    admin action                done
#15   completed     -               13:52:28   3d23h   3d23h      -     #16    project projection synced   done
#17   completed     -               14:04:49   3d23h   3d23h      -     #18    project projection synced   done
#19   completed     -               03:18:31   3d9h    3d9h       -     #22    completed worktree clea...  done
#20   completed     -               03:18:37   3d9h    3d9h       -     #21    project projection synced   done
#23   completed     -               03:50:27   3d9h    3d9h       -     #25    project projection synced   done
#24   completed     -               03:50:33   3d9h    3d9h       -     #25    project projection synced   done
#26   completed     -               04:11:50   3d8h    3d8h       -     #45    project projection synced   done
#27   completed     -               04:12:08   3d8h    3d8h       -     #52    project projection synced   done
#28   completed     -               04:23:36   3d8h    3d8h       -     #51    project projection synced   done
#29   completed     -               04:23:43   3d8h    3d8h       -     #30    project projection synced   done
#31   completed     -               04:44:52   3d8h    3d8h       -     #50    project projection synced   done
#32   completed     -               04:44:59   3d8h    3d8h       -     #33    project projection synced   done
#35   completed     -               05:02:39   3d8h    3d8h       -     #37    project projection synced   done
#36   completed     -               05:02:45   3d8h    3d8h       -     #38    project projection synced   done
#39   completed     -               07:11:06   3d5h    3d5h       -     #44    project projection synced   done
#40   completed     -               07:11:12   3d5h    3d5h       -     #46    project projection synced   done
#41   completed     -               07:11:17   3d5h    3d5h       -     #48    project projection synced   done
#42   completed     -               07:11:23   3d5h    3d5h       -     #47    project projection synced   done
#43   completed     -               07:11:28   3d5h    3d5h       -     #49    project projection synced   done
#53   completed     -               10:22:27   1d2h    1d2h       -     #54    project projection synced   done
#55   completed     -               11:36:15   1d1h    1d1h       -     #56    project projection synced   done
#57   completed     -               00:38:52   12h26m  12h26m     -     #60    project projection synced   done
#58   completed     -               00:38:58   12h26m  12h26m     -     #61    project projection synced   done
#59   completed     -               00:39:04   12h26m  12h26m     -     #62    project projection synced   done
#63   completed     -               11:01:53   2h3m    2h3m       -     #64    project projection synced   done
#65   completed     -               12:23:19   41m     41m        -     #66    project projection synced   done
13:05:14  watch cycle 43 started
13:05:15  [CYCLE] active=0 started=0 history=0
13:05:20  watch cycle 44 started
13:05:22  [CYCLE] active=0 started=0 history=0
Northstar Watch  13:05:22  repo=northstar-todo-web  active=0  started=0  history=0  ready=0  running=0  verifying=0  releasing=0  exception=0  completed=33
Issue Status        Stage           Started    Age     Stage Age  Err   PR     Last Event                  Next
#1    completed     -               01:25:01   4d11h   4d11h      -     #2     project projection synced   done
#3    completed     -               07:38:05   4d5h    4d5h       -     #4     project projection synced   done
#5    completed     -               08:14:56   4d4h    4d4h       -     #6     project projection synced   done
#7    completed     -               10:33:21   4d2h    4d2h       -     #8     project projection synced   done
#9    completed     -               11:53:59   4d1h    4d1h       -     #10    project projection synced   done
#11   completed     -               12:52:14   4d      4d         -     #12    project projection synced   done
#13   completed     -               13:10:03   3d23h   3d23h      -     #14    admin action                done
#15   completed     -               13:52:28   3d23h   3d23h      -     #16    project projection synced   done
#17   completed     -               14:04:49   3d23h   3d23h      -     #18    project projection synced   done
#19   completed     -               03:18:31   3d9h    3d9h       -     #22    completed worktree clea...  done
#20   completed     -               03:18:37   3d9h    3d9h       -     #21    project projection synced   done
#23   completed     -               03:50:27   3d9h    3d9h       -     #25    project projection synced   done
#24   completed     -               03:50:33   3d9h    3d9h       -     #25    project projection synced   done
#26   completed     -               04:11:50   3d8h    3d8h       -     #45    project projection synced   done
#27   completed     -               04:12:08   3d8h    3d8h       -     #52    project projection synced   done
#28   completed     -               04:23:36   3d8h    3d8h       -     #51    project projection synced   done
#29   completed     -               04:23:43   3d8h    3d8h       -     #30    project projection synced   done
#31   completed     -               04:44:52   3d8h    3d8h       -     #50    project projection synced   done
#32   completed     -               04:44:59   3d8h    3d8h       -     #33    project projection synced   done
#35   completed     -               05:02:39   3d8h    3d8h       -     #37    project projection synced   done
#36   completed     -               05:02:45   3d8h    3d8h       -     #38    project projection synced   done
#39   completed     -               07:11:06   3d5h    3d5h       -     #44    project projection synced   done
#40   completed     -               07:11:12   3d5h    3d5h       -     #46    project projection synced   done
#41   completed     -               07:11:17   3d5h    3d5h       -     #48    project projection synced   done
#42   completed     -               07:11:23   3d5h    3d5h       -     #47    project projection synced   done
#43   completed     -               07:11:28   3d5h    3d5h       -     #49    project projection synced   done
#53   completed     -               10:22:27   1d2h    1d2h       -     #54    project projection synced   done
#55   completed     -               11:36:15   1d1h    1d1h       -     #56    project projection synced   done
#57   completed     -               00:38:52   12h26m  12h26m     -     #60    project projection synced   done
#58   completed     -               00:38:58   12h26m  12h26m     -     #61    project projection synced   done
#59   completed     -               00:39:04   12h26m  12h26m     -     #62    project projection synced   done
#63   completed     -               11:01:53   2h3m    2h3m       -     #64    project projection synced   done
#65   completed     -               12:23:19   42m     42m        -     #66    project projection synced   done
13:05:27  watch cycle 45 started
13:05:28  [CYCLE] active=0 started=0 history=0
13:05:33  watch cycle 46 started
13:05:34  [CYCLE] active=0 started=0 history=0
Northstar Watch  13:05:34  repo=northstar-todo-web  active=0  started=0  history=0  ready=0  running=0  verifying=0  releasing=0  exception=0  completed=33
Issue Status        Stage           Started    Age     Stage Age  Err   PR     Last Event                  Next
#1    completed     -               01:25:01   4d11h   4d11h      -     #2     project projection synced   done
#3    completed     -               07:38:05   4d5h    4d5h       -     #4     project projection synced   done
#5    completed     -               08:14:56   4d4h    4d4h       -     #6     project projection synced   done
#7    completed     -               10:33:21   4d2h    4d2h       -     #8     project projection synced   done
#9    completed     -               11:53:59   4d1h    4d1h       -     #10    project projection synced   done
#11   completed     -               12:52:14   4d      4d         -     #12    project projection synced   done
#13   completed     -               13:10:03   3d23h   3d23h      -     #14    admin action                done
#15   completed     -               13:52:28   3d23h   3d23h      -     #16    project projection synced   done
#17   completed     -               14:04:49   3d23h   3d23h      -     #18    project projection synced   done
#19   completed     -               03:18:31   3d9h    3d9h       -     #22    completed worktree clea...  done
#20   completed     -               03:18:37   3d9h    3d9h       -     #21    project projection synced   done
#23   completed     -               03:50:27   3d9h    3d9h       -     #25    project projection synced   done
#24   completed     -               03:50:33   3d9h    3d9h       -     #25    project projection synced   done
#26   completed     -               04:11:50   3d8h    3d8h       -     #45    project projection synced   done
#27   completed     -               04:12:08   3d8h    3d8h       -     #52    project projection synced   done
#28   completed     -               04:23:36   3d8h    3d8h       -     #51    project projection synced   done
#29   completed     -               04:23:43   3d8h    3d8h       -     #30    project projection synced   done
#31   completed     -               04:44:52   3d8h    3d8h       -     #50    project projection synced   done
#32   completed     -               04:44:59   3d8h    3d8h       -     #33    project projection synced   done
#35   completed     -               05:02:39   3d8h    3d8h       -     #37    project projection synced   done
#36   completed     -               05:02:45   3d8h    3d8h       -     #38    project projection synced   done
#39   completed     -               07:11:06   3d5h    3d5h       -     #44    project projection synced   done
#40   completed     -               07:11:12   3d5h    3d5h       -     #46    project projection synced   done
#41   completed     -               07:11:17   3d5h    3d5h       -     #48    project projection synced   done
#42   completed     -               07:11:23   3d5h    3d5h       -     #47    project projection synced   done
#43   completed     -               07:11:28   3d5h    3d5h       -     #49    project projection synced   done
#53   completed     -               10:22:27   1d2h    1d2h       -     #54    project projection synced   done
#55   completed     -               11:36:15   1d1h    1d1h       -     #56    project projection synced   done
#57   completed     -               00:38:52   12h26m  12h26m     -     #60    project projection synced   done
#58   completed     -               00:38:58   12h26m  12h26m     -     #61    project projection synced   done
#59   completed     -               00:39:04   12h26m  12h26m     -     #62    project projection synced   done
#63   completed     -               11:01:53   2h3m    2h3m       -     #64    project projection synced   done
#65   completed     -               12:23:19   42m     42m        -     #66    project projection synced   done
13:05:39  watch cycle 47 started
13:05:40  [CYCLE] active=0 started=0 history=0
13:05:45  watch cycle 48 started
13:05:46  [CYCLE] active=0 started=0 history=0
Northstar Watch  13:05:46  repo=northstar-todo-web  active=0  started=0  history=0  ready=0  running=0  verifying=0  releasing=0  exception=0  completed=33
Issue Status        Stage           Started    Age     Stage Age  Err   PR     Last Event                  Next
#1    completed     -               01:25:01   4d11h   4d11h      -     #2     project projection synced   done
#3    completed     -               07:38:05   4d5h    4d5h       -     #4     project projection synced   done
#5    completed     -               08:14:56   4d4h    4d4h       -     #6     project projection synced   done
#7    completed     -               10:33:21   4d2h    4d2h       -     #8     project projection synced   done
#9    completed     -               11:53:59   4d1h    4d1h       -     #10    project projection synced   done
#11   completed     -               12:52:14   4d      4d         -     #12    project projection synced   done
#13   completed     -               13:10:03   3d23h   3d23h      -     #14    admin action                done
#15   completed     -               13:52:28   3d23h   3d23h      -     #16    project projection synced   done
#17   completed     -               14:04:49   3d23h   3d23h      -     #18    project projection synced   done
#19   completed     -               03:18:31   3d9h    3d9h       -     #22    completed worktree clea...  done
#20   completed     -               03:18:37   3d9h    3d9h       -     #21    project projection synced   done
#23   completed     -               03:50:27   3d9h    3d9h       -     #25    project projection synced   done
#24   completed     -               03:50:33   3d9h    3d9h       -     #25    project projection synced   done
#26   completed     -               04:11:50   3d8h    3d8h       -     #45    project projection synced   done
#27   completed     -               04:12:08   3d8h    3d8h       -     #52    project projection synced   done
#28   completed     -               04:23:36   3d8h    3d8h       -     #51    project projection synced   done
#29   completed     -               04:23:43   3d8h    3d8h       -     #30    project projection synced   done
#31   completed     -               04:44:52   3d8h    3d8h       -     #50    project projection synced   done
#32   completed     -               04:44:59   3d8h    3d8h       -     #33    project projection synced   done
#35   completed     -               05:02:39   3d8h    3d8h       -     #37    project projection synced   done
#36   completed     -               05:02:45   3d8h    3d8h       -     #38    project projection synced   done
#39   completed     -               07:11:06   3d5h    3d5h       -     #44    project projection synced   done
#40   completed     -               07:11:12   3d5h    3d5h       -     #46    project projection synced   done
#41   completed     -               07:11:17   3d5h    3d5h       -     #48    project projection synced   done
#42   completed     -               07:11:23   3d5h    3d5h       -     #47    project projection synced   done
#43   completed     -               07:11:28   3d5h    3d5h       -     #49    project projection synced   done
#53   completed     -               10:22:27   1d2h    1d2h       -     #54    project projection synced   done
#55   completed     -               11:36:15   1d1h    1d1h       -     #56    project projection synced   done
#57   completed     -               00:38:52   12h26m  12h26m     -     #60    project projection synced   done
#58   completed     -               00:38:58   12h26m  12h26m     -     #61    project projection synced   done
#59   completed     -               00:39:04   12h26m  12h26m     -     #62    project projection synced   done
#63   completed     -               11:01:53   2h3m    2h3m       -     #64    project projection synced   done
#65   completed     -               12:23:19   42m     42m        -     #66    project projection synced   done
13:05:51  watch cycle 49 started
13:05:53  [CYCLE] active=0 started=0 history=0
13:05:58  watch cycle 50 started
13:05:58  [CYCLE] active=0 started=0 history=0
Northstar Watch  13:05:58  repo=northstar-todo-web  active=0  started=0  history=0  ready=0  running=0  verifying=0  releasing=0  exception=0  completed=33
Issue Status        Stage           Started    Age     Stage Age  Err   PR     Last Event                  Next
#1    completed     -               01:25:01   4d11h   4d11h      -     #2     project projection synced   done
#3    completed     -               07:38:05   4d5h    4d5h       -     #4     project projection synced   done
#5    completed     -               08:14:56   4d4h    4d4h       -     #6     project projection synced   done
#7    completed     -               10:33:21   4d2h    4d2h       -     #8     project projection synced   done
#9    completed     -               11:53:59   4d1h    4d1h       -     #10    project projection synced   done
#11   completed     -               12:52:14   4d      4d         -     #12    project projection synced   done
#13   completed     -               13:10:03   3d23h   3d23h      -     #14    admin action                done
#15   completed     -               13:52:28   3d23h   3d23h      -     #16    project projection synced   done
#17   completed     -               14:04:49   3d23h   3d23h      -     #18    project projection synced   done
#19   completed     -               03:18:31   3d9h    3d9h       -     #22    completed worktree clea...  done
#20   completed     -               03:18:37   3d9h    3d9h       -     #21    project projection synced   done
#23   completed     -               03:50:27   3d9h    3d9h       -     #25    project projection synced   done
#24   completed     -               03:50:33   3d9h    3d9h       -     #25    project projection synced   done
#26   completed     -               04:11:50   3d8h    3d8h       -     #45    project projection synced   done
#27   completed     -               04:12:08   3d8h    3d8h       -     #52    project projection synced   done
#28   completed     -               04:23:36   3d8h    3d8h       -     #51    project projection synced   done
#29   completed     -               04:23:43   3d8h    3d8h       -     #30    project projection synced   done
#31   completed     -               04:44:52   3d8h    3d8h       -     #50    project projection synced   done
#32   completed     -               04:44:59   3d8h    3d8h       -     #33    project projection synced   done
#35   completed     -               05:02:39   3d8h    3d8h       -     #37    project projection synced   done
#36   completed     -               05:02:45   3d8h    3d8h       -     #38    project projection synced   done
#39   completed     -               07:11:06   3d5h    3d5h       -     #44    project projection synced   done
#40   completed     -               07:11:12   3d5h    3d5h       -     #46    project projection synced   done
#41   completed     -               07:11:17   3d5h    3d5h       -     #48    project projection synced   done
#42   completed     -               07:11:23   3d5h    3d5h       -     #47    project projection synced   done
#43   completed     -               07:11:28   3d5h    3d5h       -     #49    project projection synced   done
#53   completed     -               10:22:27   1d2h    1d2h       -     #54    project projection synced   done
#55   completed     -               11:36:15   1d1h    1d1h       -     #56    project projection synced   done
#57   completed     -               00:38:52   12h27m  12h27m     -     #60    project projection synced   done
#58   completed     -               00:38:58   12h27m  12h27m     -     #61    project projection synced   done
#59   completed     -               00:39:04   12h26m  12h26m     -     #62    project projection synced   done
#63   completed     -               11:01:53   2h4m    2h4m       -     #64    project projection synced   done
#65   completed     -               12:23:19   42m     42m        -     #66    project projection synced   done
13:06:03  watch cycle 51 started
13:06:04  [CYCLE] active=0 started=0 history=0
13:06:09  watch cycle 52 started
13:06:10  [CYCLE] active=0 started=0 history=0
Northstar Watch  13:06:10  repo=northstar-todo-web  active=0  started=0  history=0  ready=0  running=0  verifying=0  releasing=0  exception=0  completed=33
Issue Status        Stage           Started    Age     Stage Age  Err   PR     Last Event                  Next
#1    completed     -               01:25:01   4d11h   4d11h      -     #2     project projection synced   done
#3    completed     -               07:38:05   4d5h    4d5h       -     #4     project projection synced   done
#5    completed     -               08:14:56   4d4h    4d4h       -     #6     project projection synced   done
#7    completed     -               10:33:21   4d2h    4d2h       -     #8     project projection synced   done
#9    completed     -               11:53:59   4d1h    4d1h       -     #10    project projection synced   done
#11   completed     -               12:52:14   4d      4d         -     #12    project projection synced   done
#13   completed     -               13:10:03   3d23h   3d23h      -     #14    admin action                done
#15   completed     -               13:52:28   3d23h   3d23h      -     #16    project projection synced   done
#17   completed     -               14:04:49   3d23h   3d23h      -     #18    project projection synced   done
#19   completed     -               03:18:31   3d9h    3d9h       -     #22    completed worktree clea...  done
#20   completed     -               03:18:37   3d9h    3d9h       -     #21    project projection synced   done
#23   completed     -               03:50:27   3d9h    3d9h       -     #25    project projection synced   done
#24   completed     -               03:50:33   3d9h    3d9h       -     #25    project projection synced   done
#26   completed     -               04:11:50   3d8h    3d8h       -     #45    project projection synced   done
#27   completed     -               04:12:08   3d8h    3d8h       -     #52    project projection synced   done
#28   completed     -               04:23:36   3d8h    3d8h       -     #51    project projection synced   done
#29   completed     -               04:23:43   3d8h    3d8h       -     #30    project projection synced   done
#31   completed     -               04:44:52   3d8h    3d8h       -     #50    project projection synced   done
#32   completed     -               04:44:59   3d8h    3d8h       -     #33    project projection synced   done
#35   completed     -               05:02:39   3d8h    3d8h       -     #37    project projection synced   done
#36   completed     -               05:02:45   3d8h    3d8h       -     #38    project projection synced   done
#39   completed     -               07:11:06   3d5h    3d5h       -     #44    project projection synced   done
#40   completed     -               07:11:12   3d5h    3d5h       -     #46    project projection synced   done
#41   completed     -               07:11:17   3d5h    3d5h       -     #48    project projection synced   done
#42   completed     -               07:11:23   3d5h    3d5h       -     #47    project projection synced   done
#43   completed     -               07:11:28   3d5h    3d5h       -     #49    project projection synced   done
#53   completed     -               10:22:27   1d2h    1d2h       -     #54    project projection synced   done
#55   completed     -               11:36:15   1d1h    1d1h       -     #56    project projection synced   done
#57   completed     -               00:38:52   12h27m  12h27m     -     #60    project projection synced   done
#58   completed     -               00:38:58   12h27m  12h27m     -     #61    project projection synced   done
#59   completed     -               00:39:04   12h27m  12h27m     -     #62    project projection synced   done
#63   completed     -               11:01:53   2h4m    2h4m       -     #64    project projection synced   done
#65   completed     -               12:23:19   42m     42m        -     #66    project projection synced   done
13:06:15  watch cycle 53 started
13:06:15  [CYCLE] active=0 started=0 history=0
13:06:20  watch cycle 54 started
13:06:21  [CYCLE] active=0 started=0 history=0
Northstar Watch  13:06:21  repo=northstar-todo-web  active=0  started=0  history=0  ready=0  running=0  verifying=0  releasing=0  exception=0  completed=33
Issue Status        Stage           Started    Age     Stage Age  Err   PR     Last Event                  Next
#1    completed     -               01:25:01   4d11h   4d11h      -     #2     project projection synced   done
#3    completed     -               07:38:05   4d5h    4d5h       -     #4     project projection synced   done
#5    completed     -               08:14:56   4d4h    4d4h       -     #6     project projection synced   done
#7    completed     -               10:33:21   4d2h    4d2h       -     #8     project projection synced   done
#9    completed     -               11:53:59   4d1h    4d1h       -     #10    project projection synced   done
#11   completed     -               12:52:14   4d      4d         -     #12    project projection synced   done
#13   completed     -               13:10:03   3d23h   3d23h      -     #14    admin action                done
#15   completed     -               13:52:28   3d23h   3d23h      -     #16    project projection synced   done
#17   completed     -               14:04:49   3d23h   3d23h      -     #18    project projection synced   done
#19   completed     -               03:18:31   3d9h    3d9h       -     #22    completed worktree clea...  done
#20   completed     -               03:18:37   3d9h    3d9h       -     #21    project projection synced   done
#23   completed     -               03:50:27   3d9h    3d9h       -     #25    project projection synced   done
#24   completed     -               03:50:33   3d9h    3d9h       -     #25    project projection synced   done
#26   completed     -               04:11:50   3d8h    3d8h       -     #45    project projection synced   done
#27   completed     -               04:12:08   3d8h    3d8h       -     #52    project projection synced   done
#28   completed     -               04:23:36   3d8h    3d8h       -     #51    project projection synced   done
#29   completed     -               04:23:43   3d8h    3d8h       -     #30    project projection synced   done
#31   completed     -               04:44:52   3d8h    3d8h       -     #50    project projection synced   done
#32   completed     -               04:44:59   3d8h    3d8h       -     #33    project projection synced   done
#35   completed     -               05:02:39   3d8h    3d8h       -     #37    project projection synced   done
#36   completed     -               05:02:45   3d8h    3d8h       -     #38    project projection synced   done
#39   completed     -               07:11:06   3d5h    3d5h       -     #44    project projection synced   done
#40   completed     -               07:11:12   3d5h    3d5h       -     #46    project projection synced   done
#41   completed     -               07:11:17   3d5h    3d5h       -     #48    project projection synced   done
#42   completed     -               07:11:23   3d5h    3d5h       -     #47    project projection synced   done
#43   completed     -               07:11:28   3d5h    3d5h       -     #49    project projection synced   done
#53   completed     -               10:22:27   1d2h    1d2h       -     #54    project projection synced   done
#55   completed     -               11:36:15   1d1h    1d1h       -     #56    project projection synced   done
#57   completed     -               00:38:52   12h27m  12h27m     -     #60    project projection synced   done
#58   completed     -               00:38:58   12h27m  12h27m     -     #61    project projection synced   done
#59   completed     -               00:39:04   12h27m  12h27m     -     #62    project projection synced   done
#63   completed     -               11:01:53   2h4m    2h4m       -     #64    project projection synced   done
#65   completed     -               12:23:19   43m     43m        -     #66    project projection synced   done
13:06:26  watch cycle 55 started
13:06:27  [CYCLE] active=0 started=0 history=0
13:06:32  watch cycle 56 started
13:06:32  [CYCLE] active=0 started=0 history=0
Northstar Watch  13:06:32  repo=northstar-todo-web  active=0  started=0  history=0  ready=0  running=0  verifying=0  releasing=0  exception=0  completed=33
Issue Status        Stage           Started    Age     Stage Age  Err   PR     Last Event                  Next
#1    completed     -               01:25:01   4d11h   4d11h      -     #2     project projection synced   done
#3    completed     -               07:38:05   4d5h    4d5h       -     #4     project projection synced   done
#5    completed     -               08:14:56   4d4h    4d4h       -     #6     project projection synced   done
#7    completed     -               10:33:21   4d2h    4d2h       -     #8     project projection synced   done
#9    completed     -               11:53:59   4d1h    4d1h       -     #10    project projection synced   done
#11   completed     -               12:52:14   4d      4d         -     #12    project projection synced   done
#13   completed     -               13:10:03   3d23h   3d23h      -     #14    admin action                done
#15   completed     -               13:52:28   3d23h   3d23h      -     #16    project projection synced   done
#17   completed     -               14:04:49   3d23h   3d23h      -     #18    project projection synced   done
#19   completed     -               03:18:31   3d9h    3d9h       -     #22    completed worktree clea...  done
#20   completed     -               03:18:37   3d9h    3d9h       -     #21    project projection synced   done
#23   completed     -               03:50:27   3d9h    3d9h       -     #25    project projection synced   done
#24   completed     -               03:50:33   3d9h    3d9h       -     #25    project projection synced   done
#26   completed     -               04:11:50   3d8h    3d8h       -     #45    project projection synced   done
#27   completed     -               04:12:08   3d8h    3d8h       -     #52    project projection synced   done
#28   completed     -               04:23:36   3d8h    3d8h       -     #51    project projection synced   done
#29   completed     -               04:23:43   3d8h    3d8h       -     #30    project projection synced   done
#31   completed     -               04:44:52   3d8h    3d8h       -     #50    project projection synced   done
#32   completed     -               04:44:59   3d8h    3d8h       -     #33    project projection synced   done
#35   completed     -               05:02:39   3d8h    3d8h       -     #37    project projection synced   done
#36   completed     -               05:02:45   3d8h    3d8h       -     #38    project projection synced   done
#39   completed     -               07:11:06   3d5h    3d5h       -     #44    project projection synced   done
#40   completed     -               07:11:12   3d5h    3d5h       -     #46    project projection synced   done
#41   completed     -               07:11:17   3d5h    3d5h       -     #48    project projection synced   done
#42   completed     -               07:11:23   3d5h    3d5h       -     #47    project projection synced   done
#43   completed     -               07:11:28   3d5h    3d5h       -     #49    project projection synced   done
#53   completed     -               10:22:27   1d2h    1d2h       -     #54    project projection synced   done
#55   completed     -               11:36:15   1d1h    1d1h       -     #56    project projection synced   done
#57   completed     -               00:38:52   12h27m  12h27m     -     #60    project projection synced   done
#58   completed     -               00:38:58   12h27m  12h27m     -     #61    project projection synced   done
#59   completed     -               00:39:04   12h27m  12h27m     -     #62    project projection synced   done
#63   completed     -               11:01:53   2h4m    2h4m       -     #64    project projection synced   done
#65   completed     -               12:23:19   43m     43m        -     #66    project projection synced   done
13:06:37  watch cycle 57 started
13:06:38  [CYCLE] active=0 started=0 history=0
13:06:43  watch cycle 58 started
13:06:44  [CYCLE] active=0 started=0 history=0
Northstar Watch  13:06:44  repo=northstar-todo-web  active=0  started=0  history=0  ready=0  running=0  verifying=0  releasing=0  exception=0  completed=33
Issue Status        Stage           Started    Age     Stage Age  Err   PR     Last Event                  Next
#1    completed     -               01:25:01   4d11h   4d11h      -     #2     project projection synced   done
#3    completed     -               07:38:05   4d5h    4d5h       -     #4     project projection synced   done
#5    completed     -               08:14:56   4d4h    4d4h       -     #6     project projection synced   done
#7    completed     -               10:33:21   4d2h    4d2h       -     #8     project projection synced   done
#9    completed     -               11:53:59   4d1h    4d1h       -     #10    project projection synced   done
#11   completed     -               12:52:14   4d      4d         -     #12    project projection synced   done
#13   completed     -               13:10:03   3d23h   3d23h      -     #14    admin action                done
#15   completed     -               13:52:28   3d23h   3d23h      -     #16    project projection synced   done
#17   completed     -               14:04:49   3d23h   3d23h      -     #18    project projection synced   done
#19   completed     -               03:18:31   3d9h    3d9h       -     #22    completed worktree clea...  done
#20   completed     -               03:18:37   3d9h    3d9h       -     #21    project projection synced   done
#23   completed     -               03:50:27   3d9h    3d9h       -     #25    project projection synced   done
#24   completed     -               03:50:33   3d9h    3d9h       -     #25    project projection synced   done
#26   completed     -               04:11:50   3d8h    3d8h       -     #45    project projection synced   done
#27   completed     -               04:12:08   3d8h    3d8h       -     #52    project projection synced   done
#28   completed     -               04:23:36   3d8h    3d8h       -     #51    project projection synced   done
#29   completed     -               04:23:43   3d8h    3d8h       -     #30    project projection synced   done
#31   completed     -               04:44:52   3d8h    3d8h       -     #50    project projection synced   done
#32   completed     -               04:44:59   3d8h    3d8h       -     #33    project projection synced   done
#35   completed     -               05:02:39   3d8h    3d8h       -     #37    project projection synced   done
#36   completed     -               05:02:45   3d8h    3d8h       -     #38    project projection synced   done
#39   completed     -               07:11:06   3d5h    3d5h       -     #44    project projection synced   done
#40   completed     -               07:11:12   3d5h    3d5h       -     #46    project projection synced   done
#41   completed     -               07:11:17   3d5h    3d5h       -     #48    project projection synced   done
#42   completed     -               07:11:23   3d5h    3d5h       -     #47    project projection synced   done
#43   completed     -               07:11:28   3d5h    3d5h       -     #49    project projection synced   done
#53   completed     -               10:22:27   1d2h    1d2h       -     #54    project projection synced   done
#55   completed     -               11:36:15   1d1h    1d1h       -     #56    project projection synced   done
#57   completed     -               00:38:52   12h27m  12h27m     -     #60    project projection synced   done
#58   completed     -               00:38:58   12h27m  12h27m     -     #61    project projection synced   done
#59   completed     -               00:39:04   12h27m  12h27m     -     #62    project projection synced   done
#63   completed     -               11:01:53   2h4m    2h4m       -     #64    project projection synced   done
#65   completed     -               12:23:19   43m     43m        -     #66    project projection synced   done
13:06:49  watch cycle 59 started
13:06:49  [CYCLE] active=0 started=0 history=0
13:06:54  watch cycle 60 started
13:06:55  [CYCLE] active=0 started=0 history=0
Northstar Watch  13:06:55  repo=northstar-todo-web  active=0  started=0  history=0  ready=0  running=0  verifying=0  releasing=0  exception=0  completed=33
Issue Status        Stage           Started    Age     Stage Age  Err   PR     Last Event                  Next
#1    completed     -               01:25:01   4d11h   4d11h      -     #2     project projection synced   done
#3    completed     -               07:38:05   4d5h    4d5h       -     #4     project projection synced   done
#5    completed     -               08:14:56   4d4h    4d4h       -     #6     project projection synced   done
#7    completed     -               10:33:21   4d2h    4d2h       -     #8     project projection synced   done
#9    completed     -               11:53:59   4d1h    4d1h       -     #10    project projection synced   done
#11   completed     -               12:52:14   4d      4d         -     #12    project projection synced   done
#13   completed     -               13:10:03   3d23h   3d23h      -     #14    admin action                done
#15   completed     -               13:52:28   3d23h   3d23h      -     #16    project projection synced   done
#17   completed     -               14:04:49   3d23h   3d23h      -     #18    project projection synced   done
#19   completed     -               03:18:31   3d9h    3d9h       -     #22    completed worktree clea...  done
#20   completed     -               03:18:37   3d9h    3d9h       -     #21    project projection synced   done
#23   completed     -               03:50:27   3d9h    3d9h       -     #25    project projection synced   done
#24   completed     -               03:50:33   3d9h    3d9h       -     #25    project projection synced   done
#26   completed     -               04:11:50   3d8h    3d8h       -     #45    project projection synced   done
#27   completed     -               04:12:08   3d8h    3d8h       -     #52    project projection synced   done
#28   completed     -               04:23:36   3d8h    3d8h       -     #51    project projection synced   done
#29   completed     -               04:23:43   3d8h    3d8h       -     #30    project projection synced   done
#31   completed     -               04:44:52   3d8h    3d8h       -     #50    project projection synced   done
#32   completed     -               04:44:59   3d8h    3d8h       -     #33    project projection synced   done
#35   completed     -               05:02:39   3d8h    3d8h       -     #37    project projection synced   done
#36   completed     -               05:02:45   3d8h    3d8h       -     #38    project projection synced   done
#39   completed     -               07:11:06   3d5h    3d5h       -     #44    project projection synced   done
#40   completed     -               07:11:12   3d5h    3d5h       -     #46    project projection synced   done
#41   completed     -               07:11:17   3d5h    3d5h       -     #48    project projection synced   done
#42   completed     -               07:11:23   3d5h    3d5h       -     #47    project projection synced   done
#43   completed     -               07:11:28   3d5h    3d5h       -     #49    project projection synced   done
#53   completed     -               10:22:27   1d2h    1d2h       -     #54    project projection synced   done
#55   completed     -               11:36:15   1d1h    1d1h       -     #56    project projection synced   done
#57   completed     -               00:38:52   12h28m  12h28m     -     #60    project projection synced   done
#58   completed     -               00:38:58   12h27m  12h27m     -     #61    project projection synced   done
#59   completed     -               00:39:04   12h27m  12h27m     -     #62    project projection synced   done
#63   completed     -               11:01:53   2h5m    2h5m       -     #64    project projection synced   done
#65   completed     -               12:23:19   43m     43m        -     #66    project projection synced   done
13:07:00  watch cycle 61 started
13:07:00  [CYCLE] active=0 started=0 history=0
13:07:05  watch cycle 62 started
13:07:06  [CYCLE] active=0 started=0 history=0
Northstar Watch  13:07:06  repo=northstar-todo-web  active=0  started=0  history=0  ready=0  running=0  verifying=0  releasing=0  exception=0  completed=33
Issue Status        Stage           Started    Age     Stage Age  Err   PR     Last Event                  Next
#1    completed     -               01:25:01   4d11h   4d11h      -     #2     project projection synced   done
#3    completed     -               07:38:05   4d5h    4d5h       -     #4     project projection synced   done
#5    completed     -               08:14:56   4d4h    4d4h       -     #6     project projection synced   done
#7    completed     -               10:33:21   4d2h    4d2h       -     #8     project projection synced   done
#9    completed     -               11:53:59   4d1h    4d1h       -     #10    project projection synced   done
#11   completed     -               12:52:14   4d      4d         -     #12    project projection synced   done
#13   completed     -               13:10:03   3d23h   3d23h      -     #14    admin action                done
#15   completed     -               13:52:28   3d23h   3d23h      -     #16    project projection synced   done
#17   completed     -               14:04:49   3d23h   3d23h      -     #18    project projection synced   done
#19   completed     -               03:18:31   3d9h    3d9h       -     #22    completed worktree clea...  done
#20   completed     -               03:18:37   3d9h    3d9h       -     #21    project projection synced   done
#23   completed     -               03:50:27   3d9h    3d9h       -     #25    project projection synced   done
#24   completed     -               03:50:33   3d9h    3d9h       -     #25    project projection synced   done
#26   completed     -               04:11:50   3d8h    3d8h       -     #45    project projection synced   done
#27   completed     -               04:12:08   3d8h    3d8h       -     #52    project projection synced   done
#28   completed     -               04:23:36   3d8h    3d8h       -     #51    project projection synced   done
#29   completed     -               04:23:43   3d8h    3d8h       -     #30    project projection synced   done
#31   completed     -               04:44:52   3d8h    3d8h       -     #50    project projection synced   done
#32   completed     -               04:44:59   3d8h    3d8h       -     #33    project projection synced   done
#35   completed     -               05:02:39   3d8h    3d8h       -     #37    project projection synced   done
#36   completed     -               05:02:45   3d8h    3d8h       -     #38    project projection synced   done
#39   completed     -               07:11:06   3d5h    3d5h       -     #44    project projection synced   done
#40   completed     -               07:11:12   3d5h    3d5h       -     #46    project projection synced   done
#41   completed     -               07:11:17   3d5h    3d5h       -     #48    project projection synced   done
#42   completed     -               07:11:23   3d5h    3d5h       -     #47    project projection synced   done
#43   completed     -               07:11:28   3d5h    3d5h       -     #49    project projection synced   done
#53   completed     -               10:22:27   1d2h    1d2h       -     #54    project projection synced   done
#55   completed     -               11:36:15   1d1h    1d1h       -     #56    project projection synced   done
#57   completed     -               00:38:52   12h28m  12h28m     -     #60    project projection synced   done
#58   completed     -               00:38:58   12h28m  12h28m     -     #61    project projection synced   done
#59   completed     -               00:39:04   12h28m  12h28m     -     #62    project projection synced   done
#63   completed     -               11:01:53   2h5m    2h5m       -     #64    project projection synced   done
#65   completed     -               12:23:19   43m     43m        -     #66    project projection synced   done
13:07:11  watch cycle 63 started
13:07:12  [CYCLE] active=0 started=0 history=0
13:07:17  watch cycle 64 started
13:07:17  [CYCLE] active=0 started=0 history=0
Northstar Watch  13:07:17  repo=northstar-todo-web  active=0  started=0  history=0  ready=0  running=0  verifying=0  releasing=0  exception=0  completed=33
Issue Status        Stage           Started    Age     Stage Age  Err   PR     Last Event                  Next
#1    completed     -               01:25:01   4d11h   4d11h      -     #2     project projection synced   done
#3    completed     -               07:38:05   4d5h    4d5h       -     #4     project projection synced   done
#5    completed     -               08:14:56   4d4h    4d4h       -     #6     project projection synced   done
#7    completed     -               10:33:21   4d2h    4d2h       -     #8     project projection synced   done
#9    completed     -               11:53:59   4d1h    4d1h       -     #10    project projection synced   done
#11   completed     -               12:52:14   4d      4d         -     #12    project projection synced   done
#13   completed     -               13:10:03   3d23h   3d23h      -     #14    admin action                done
#15   completed     -               13:52:28   3d23h   3d23h      -     #16    project projection synced   done
#17   completed     -               14:04:49   3d23h   3d23h      -     #18    project projection synced   done
#19   completed     -               03:18:31   3d9h    3d9h       -     #22    completed worktree clea...  done
#20   completed     -               03:18:37   3d9h    3d9h       -     #21    project projection synced   done
#23   completed     -               03:50:27   3d9h    3d9h       -     #25    project projection synced   done
#24   completed     -               03:50:33   3d9h    3d9h       -     #25    project projection synced   done
#26   completed     -               04:11:50   3d8h    3d8h       -     #45    project projection synced   done
#27   completed     -               04:12:08   3d8h    3d8h       -     #52    project projection synced   done
#28   completed     -               04:23:36   3d8h    3d8h       -     #51    project projection synced   done
#29   completed     -               04:23:43   3d8h    3d8h       -     #30    project projection synced   done
#31   completed     -               04:44:52   3d8h    3d8h       -     #50    project projection synced   done
#32   completed     -               04:44:59   3d8h    3d8h       -     #33    project projection synced   done
#35   completed     -               05:02:39   3d8h    3d8h       -     #37    project projection synced   done
#36   completed     -               05:02:45   3d8h    3d8h       -     #38    project projection synced   done
#39   completed     -               07:11:06   3d5h    3d5h       -     #44    project projection synced   done
#40   completed     -               07:11:12   3d5h    3d5h       -     #46    project projection synced   done
#41   completed     -               07:11:17   3d5h    3d5h       -     #48    project projection synced   done
#42   completed     -               07:11:23   3d5h    3d5h       -     #47    project projection synced   done
#43   completed     -               07:11:28   3d5h    3d5h       -     #49    project projection synced   done
#53   completed     -               10:22:27   1d2h    1d2h       -     #54    project projection synced   done
#55   completed     -               11:36:15   1d1h    1d1h       -     #56    project projection synced   done
#57   completed     -               00:38:52   12h28m  12h28m     -     #60    project projection synced   done
#58   completed     -               00:38:58   12h28m  12h28m     -     #61    project projection synced   done
#59   completed     -               00:39:04   12h28m  12h28m     -     #62    project projection synced   done
#63   completed     -               11:01:53   2h5m    2h5m       -     #64    project projection synced   done
#65   completed     -               12:23:19   43m     43m        -     #66    project projection synced   done
13:07:22  watch cycle 65 started
13:07:23  [CYCLE] active=0 started=0 history=0
13:07:28  watch cycle 66 started
13:07:29  [CYCLE] active=0 started=0 history=0
Northstar Watch  13:07:29  repo=northstar-todo-web  active=0  started=0  history=0  ready=0  running=0  verifying=0  releasing=0  exception=0  completed=33
Issue Status        Stage           Started    Age     Stage Age  Err   PR     Last Event                  Next
#1    completed     -               01:25:01   4d11h   4d11h      -     #2     project projection synced   done
#3    completed     -               07:38:05   4d5h    4d5h       -     #4     project projection synced   done
#5    completed     -               08:14:56   4d4h    4d4h       -     #6     project projection synced   done
#7    completed     -               10:33:21   4d2h    4d2h       -     #8     project projection synced   done
#9    completed     -               11:53:59   4d1h    4d1h       -     #10    project projection synced   done
#11   completed     -               12:52:14   4d      4d         -     #12    project projection synced   done
#13   completed     -               13:10:03   3d23h   3d23h      -     #14    admin action                done
#15   completed     -               13:52:28   3d23h   3d23h      -     #16    project projection synced   done
#17   completed     -               14:04:49   3d23h   3d23h      -     #18    project projection synced   done
#19   completed     -               03:18:31   3d9h    3d9h       -     #22    completed worktree clea...  done
#20   completed     -               03:18:37   3d9h    3d9h       -     #21    project projection synced   done
#23   completed     -               03:50:27   3d9h    3d9h       -     #25    project projection synced   done
#24   completed     -               03:50:33   3d9h    3d9h       -     #25    project projection synced   done
#26   completed     -               04:11:50   3d8h    3d8h       -     #45    project projection synced   done
#27   completed     -               04:12:08   3d8h    3d8h       -     #52    project projection synced   done
#28   completed     -               04:23:36   3d8h    3d8h       -     #51    project projection synced   done
#29   completed     -               04:23:43   3d8h    3d8h       -     #30    project projection synced   done
#31   completed     -               04:44:52   3d8h    3d8h       -     #50    project projection synced   done
#32   completed     -               04:44:59   3d8h    3d8h       -     #33    project projection synced   done
#35   completed     -               05:02:39   3d8h    3d8h       -     #37    project projection synced   done
#36   completed     -               05:02:45   3d8h    3d8h       -     #38    project projection synced   done
#39   completed     -               07:11:06   3d5h    3d5h       -     #44    project projection synced   done
#40   completed     -               07:11:12   3d5h    3d5h       -     #46    project projection synced   done
#41   completed     -               07:11:17   3d5h    3d5h       -     #48    project projection synced   done
#42   completed     -               07:11:23   3d5h    3d5h       -     #47    project projection synced   done
#43   completed     -               07:11:28   3d5h    3d5h       -     #49    project projection synced   done
#53   completed     -               10:22:27   1d2h    1d2h       -     #54    project projection synced   done
#55   completed     -               11:36:15   1d1h    1d1h       -     #56    project projection synced   done
#57   completed     -               00:38:52   12h28m  12h28m     -     #60    project projection synced   done
#58   completed     -               00:38:58   12h28m  12h28m     -     #61    project projection synced   done
#59   completed     -               00:39:04   12h28m  12h28m     -     #62    project projection synced   done
#63   completed     -               11:01:53   2h5m    2h5m       -     #64    project projection synced   done
#65   completed     -               12:23:19   44m     44m        -     #66    project projection synced   done
13:07:34  watch cycle 67 started
13:07:34  [CYCLE] active=0 started=0 history=0
13:07:39  watch cycle 68 started
13:07:40  [CYCLE] active=0 started=0 history=0
Northstar Watch  13:07:40  repo=northstar-todo-web  active=0  started=0  history=0  ready=0  running=0  verifying=0  releasing=0  exception=0  completed=33
Issue Status        Stage           Started    Age     Stage Age  Err   PR     Last Event                  Next
#1    completed     -               01:25:01   4d11h   4d11h      -     #2     project projection synced   done
#3    completed     -               07:38:05   4d5h    4d5h       -     #4     project projection synced   done
#5    completed     -               08:14:56   4d4h    4d4h       -     #6     project projection synced   done
#7    completed     -               10:33:21   4d2h    4d2h       -     #8     project projection synced   done
#9    completed     -               11:53:59   4d1h    4d1h       -     #10    project projection synced   done
#11   completed     -               12:52:14   4d      4d         -     #12    project projection synced   done
#13   completed     -               13:10:03   3d23h   3d23h      -     #14    admin action                done
#15   completed     -               13:52:28   3d23h   3d23h      -     #16    project projection synced   done
#17   completed     -               14:04:49   3d23h   3d23h      -     #18    project projection synced   done
#19   completed     -               03:18:31   3d9h    3d9h       -     #22    completed worktree clea...  done
#20   completed     -               03:18:37   3d9h    3d9h       -     #21    project projection synced   done
#23   completed     -               03:50:27   3d9h    3d9h       -     #25    project projection synced   done
#24   completed     -               03:50:33   3d9h    3d9h       -     #25    project projection synced   done
#26   completed     -               04:11:50   3d8h    3d8h       -     #45    project projection synced   done
#27   completed     -               04:12:08   3d8h    3d8h       -     #52    project projection synced   done
#28   completed     -               04:23:36   3d8h    3d8h       -     #51    project projection synced   done
#29   completed     -               04:23:43   3d8h    3d8h       -     #30    project projection synced   done
#31   completed     -               04:44:52   3d8h    3d8h       -     #50    project projection synced   done
#32   completed     -               04:44:59   3d8h    3d8h       -     #33    project projection synced   done
#35   completed     -               05:02:39   3d8h    3d8h       -     #37    project projection synced   done
#36   completed     -               05:02:45   3d8h    3d8h       -     #38    project projection synced   done
#39   completed     -               07:11:06   3d5h    3d5h       -     #44    project projection synced   done
#40   completed     -               07:11:12   3d5h    3d5h       -     #46    project projection synced   done
#41   completed     -               07:11:17   3d5h    3d5h       -     #48    project projection synced   done
#42   completed     -               07:11:23   3d5h    3d5h       -     #47    project projection synced   done
#43   completed     -               07:11:28   3d5h    3d5h       -     #49    project projection synced   done
#53   completed     -               10:22:27   1d2h    1d2h       -     #54    project projection synced   done
#55   completed     -               11:36:15   1d1h    1d1h       -     #56    project projection synced   done
#57   completed     -               00:38:52   12h28m  12h28m     -     #60    project projection synced   done
#58   completed     -               00:38:58   12h28m  12h28m     -     #61    project projection synced   done
#59   completed     -               00:39:04   12h28m  12h28m     -     #62    project projection synced   done
#63   completed     -               11:01:53   2h5m    2h5m       -     #64    project projection synced   done
#65   completed     -               12:23:19   44m     44m        -     #66    project projection synced   done
13:07:45  watch cycle 69 started
13:07:46  [CYCLE] active=0 started=0 history=0
13:07:51  watch cycle 70 started
13:07:51  [CYCLE] active=0 started=0 history=0
Northstar Watch  13:07:51  repo=northstar-todo-web  active=0  started=0  history=0  ready=0  running=0  verifying=0  releasing=0  exception=0  completed=33
Issue Status        Stage           Started    Age     Stage Age  Err   PR     Last Event                  Next
#1    completed     -               01:25:01   4d11h   4d11h      -     #2     project projection synced   done
#3    completed     -               07:38:05   4d5h    4d5h       -     #4     project projection synced   done
#5    completed     -               08:14:56   4d4h    4d4h       -     #6     project projection synced   done
#7    completed     -               10:33:21   4d2h    4d2h       -     #8     project projection synced   done
#9    completed     -               11:53:59   4d1h    4d1h       -     #10    project projection synced   done
#11   completed     -               12:52:14   4d      4d         -     #12    project projection synced   done
#13   completed     -               13:10:03   3d23h   3d23h      -     #14    admin action                done
#15   completed     -               13:52:28   3d23h   3d23h      -     #16    project projection synced   done
#17   completed     -               14:04:49   3d23h   3d23h      -     #18    project projection synced   done
#19   completed     -               03:18:31   3d9h    3d9h       -     #22    completed worktree clea...  done
#20   completed     -               03:18:37   3d9h    3d9h       -     #21    project projection synced   done
#23   completed     -               03:50:27   3d9h    3d9h       -     #25    project projection synced   done
#24   completed     -               03:50:33   3d9h    3d9h       -     #25    project projection synced   done
#26   completed     -               04:11:50   3d8h    3d8h       -     #45    project projection synced   done
#27   completed     -               04:12:08   3d8h    3d8h       -     #52    project projection synced   done
#28   completed     -               04:23:36   3d8h    3d8h       -     #51    project projection synced   done
#29   completed     -               04:23:43   3d8h    3d8h       -     #30    project projection synced   done
#31   completed     -               04:44:52   3d8h    3d8h       -     #50    project projection synced   done
#32   completed     -               04:44:59   3d8h    3d8h       -     #33    project projection synced   done
#35   completed     -               05:02:39   3d8h    3d8h       -     #37    project projection synced   done
#36   completed     -               05:02:45   3d8h    3d8h       -     #38    project projection synced   done
#39   completed     -               07:11:06   3d5h    3d5h       -     #44    project projection synced   done
#40   completed     -               07:11:12   3d5h    3d5h       -     #46    project projection synced   done
#41   completed     -               07:11:17   3d5h    3d5h       -     #48    project projection synced   done
#42   completed     -               07:11:23   3d5h    3d5h       -     #47    project projection synced   done
#43   completed     -               07:11:28   3d5h    3d5h       -     #49    project projection synced   done
#53   completed     -               10:22:27   1d2h    1d2h       -     #54    project projection synced   done
#55   completed     -               11:36:15   1d1h    1d1h       -     #56    project projection synced   done
#57   completed     -               00:38:52   12h28m  12h28m     -     #60    project projection synced   done
#58   completed     -               00:38:58   12h28m  12h28m     -     #61    project projection synced   done
#59   completed     -               00:39:04   12h28m  12h28m     -     #62    project projection synced   done
#63   completed     -               11:01:53   2h5m    2h5m       -     #64    project projection synced   done
#65   completed     -               12:23:19   44m     44m        -     #66    project projection synced   done
13:07:56  watch cycle 71 started
13:07:57  [CYCLE] active=0 started=0 history=0
13:08:02  watch cycle 72 started
13:08:03  [CYCLE] active=0 started=0 history=0
Northstar Watch  13:08:03  repo=northstar-todo-web  active=0  started=0  history=0  ready=0  running=0  verifying=0  releasing=0  exception=0  completed=33
Issue Status        Stage           Started    Age     Stage Age  Err   PR     Last Event                  Next
#1    completed     -               01:25:01   4d11h   4d11h      -     #2     project projection synced   done
#3    completed     -               07:38:05   4d5h    4d5h       -     #4     project projection synced   done
#5    completed     -               08:14:56   4d4h    4d4h       -     #6     project projection synced   done
#7    completed     -               10:33:21   4d2h    4d2h       -     #8     project projection synced   done
#9    completed     -               11:53:59   4d1h    4d1h       -     #10    project projection synced   done
#11   completed     -               12:52:14   4d      4d         -     #12    project projection synced   done
#13   completed     -               13:10:03   3d23h   3d23h      -     #14    admin action                done
#15   completed     -               13:52:28   3d23h   3d23h      -     #16    project projection synced   done
#17   completed     -               14:04:49   3d23h   3d23h      -     #18    project projection synced   done
#19   completed     -               03:18:31   3d9h    3d9h       -     #22    completed worktree clea...  done
#20   completed     -               03:18:37   3d9h    3d9h       -     #21    project projection synced   done
#23   completed     -               03:50:27   3d9h    3d9h       -     #25    project projection synced   done
#24   completed     -               03:50:33   3d9h    3d9h       -     #25    project projection synced   done
#26   completed     -               04:11:50   3d8h    3d8h       -     #45    project projection synced   done
#27   completed     -               04:12:08   3d8h    3d8h       -     #52    project projection synced   done
#28   completed     -               04:23:36   3d8h    3d8h       -     #51    project projection synced   done
#29   completed     -               04:23:43   3d8h    3d8h       -     #30    project projection synced   done
#31   completed     -               04:44:52   3d8h    3d8h       -     #50    project projection synced   done
#32   completed     -               04:44:59   3d8h    3d8h       -     #33    project projection synced   done
#35   completed     -               05:02:39   3d8h    3d8h       -     #37    project projection synced   done
#36   completed     -               05:02:45   3d8h    3d8h       -     #38    project projection synced   done
#39   completed     -               07:11:06   3d5h    3d5h       -     #44    project projection synced   done
#40   completed     -               07:11:12   3d5h    3d5h       -     #46    project projection synced   done
#41   completed     -               07:11:17   3d5h    3d5h       -     #48    project projection synced   done
#42   completed     -               07:11:23   3d5h    3d5h       -     #47    project projection synced   done
#43   completed     -               07:11:28   3d5h    3d5h       -     #49    project projection synced   done
#53   completed     -               10:22:27   1d2h    1d2h       -     #54    project projection synced   done
#55   completed     -               11:36:15   1d1h    1d1h       -     #56    project projection synced   done
#57   completed     -               00:38:52   12h29m  12h29m     -     #60    project projection synced   done
#58   completed     -               00:38:58   12h29m  12h29m     -     #61    project projection synced   done
#59   completed     -               00:39:04   12h28m  12h28m     -     #62    project projection synced   done
#63   completed     -               11:01:53   2h6m    2h6m       -     #64    project projection synced   done
#65   completed     -               12:23:19   44m     44m        -     #66    project projection synced   done
13:08:08  watch cycle 73 started
13:08:08  [CYCLE] active=0 started=0 history=0
13:08:13  watch cycle 74 started
13:08:14  [CYCLE] active=0 started=0 history=0
Northstar Watch  13:08:14  repo=northstar-todo-web  active=0  started=0  history=0  ready=0  running=0  verifying=0  releasing=0  exception=0  completed=33
Issue Status        Stage           Started    Age     Stage Age  Err   PR     Last Event                  Next
#1    completed     -               01:25:01   4d11h   4d11h      -     #2     project projection synced   done
#3    completed     -               07:38:05   4d5h    4d5h       -     #4     project projection synced   done
#5    completed     -               08:14:56   4d4h    4d4h       -     #6     project projection synced   done
#7    completed     -               10:33:21   4d2h    4d2h       -     #8     project projection synced   done
#9    completed     -               11:53:59   4d1h    4d1h       -     #10    project projection synced   done
#11   completed     -               12:52:14   4d      4d         -     #12    project projection synced   done
#13   completed     -               13:10:03   3d23h   3d23h      -     #14    admin action                done
#15   completed     -               13:52:28   3d23h   3d23h      -     #16    project projection synced   done
#17   completed     -               14:04:49   3d23h   3d23h      -     #18    project projection synced   done
#19   completed     -               03:18:31   3d9h    3d9h       -     #22    completed worktree clea...  done
#20   completed     -               03:18:37   3d9h    3d9h       -     #21    project projection synced   done
#23   completed     -               03:50:27   3d9h    3d9h       -     #25    project projection synced   done
#24   completed     -               03:50:33   3d9h    3d9h       -     #25    project projection synced   done
#26   completed     -               04:11:50   3d8h    3d8h       -     #45    project projection synced   done
#27   completed     -               04:12:08   3d8h    3d8h       -     #52    project projection synced   done
#28   completed     -               04:23:36   3d8h    3d8h       -     #51    project projection synced   done
#29   completed     -               04:23:43   3d8h    3d8h       -     #30    project projection synced   done
#31   completed     -               04:44:52   3d8h    3d8h       -     #50    project projection synced   done
#32   completed     -               04:44:59   3d8h    3d8h       -     #33    project projection synced   done
#35   completed     -               05:02:39   3d8h    3d8h       -     #37    project projection synced   done
#36   completed     -               05:02:45   3d8h    3d8h       -     #38    project projection synced   done
#39   completed     -               07:11:06   3d5h    3d5h       -     #44    project projection synced   done
#40   completed     -               07:11:12   3d5h    3d5h       -     #46    project projection synced   done
#41   completed     -               07:11:17   3d5h    3d5h       -     #48    project projection synced   done
#42   completed     -               07:11:23   3d5h    3d5h       -     #47    project projection synced   done
#43   completed     -               07:11:28   3d5h    3d5h       -     #49    project projection synced   done
#53   completed     -               10:22:27   1d2h    1d2h       -     #54    project projection synced   done
#55   completed     -               11:36:15   1d1h    1d1h       -     #56    project projection synced   done
#57   completed     -               00:38:52   12h29m  12h29m     -     #60    project projection synced   done
#58   completed     -               00:38:58   12h29m  12h29m     -     #61    project projection synced   done
#59   completed     -               00:39:04   12h29m  12h29m     -     #62    project projection synced   done
#63   completed     -               11:01:53   2h6m    2h6m       -     #64    project projection synced   done
#65   completed     -               12:23:19   44m     44m        -     #66    project projection synced   done
13:08:19  watch cycle 75 started
13:08:20  [CYCLE] active=0 started=0 history=0
13:08:25  watch cycle 76 started
13:08:25  [CYCLE] active=0 started=0 history=0
Northstar Watch  13:08:25  repo=northstar-todo-web  active=0  started=0  history=0  ready=0  running=0  verifying=0  releasing=0  exception=0  completed=33
Issue Status        Stage           Started    Age     Stage Age  Err   PR     Last Event                  Next
#1    completed     -               01:25:01   4d11h   4d11h      -     #2     project projection synced   done
#3    completed     -               07:38:05   4d5h    4d5h       -     #4     project projection synced   done
#5    completed     -               08:14:56   4d4h    4d4h       -     #6     project projection synced   done
#7    completed     -               10:33:21   4d2h    4d2h       -     #8     project projection synced   done
#9    completed     -               11:53:59   4d1h    4d1h       -     #10    project projection synced   done
#11   completed     -               12:52:14   4d      4d         -     #12    project projection synced   done
#13   completed     -               13:10:03   3d23h   3d23h      -     #14    admin action                done
#15   completed     -               13:52:28   3d23h   3d23h      -     #16    project projection synced   done
#17   completed     -               14:04:49   3d23h   3d23h      -     #18    project projection synced   done
#19   completed     -               03:18:31   3d9h    3d9h       -     #22    completed worktree clea...  done
#20   completed     -               03:18:37   3d9h    3d9h       -     #21    project projection synced   done
#23   completed     -               03:50:27   3d9h    3d9h       -     #25    project projection synced   done
#24   completed     -               03:50:33   3d9h    3d9h       -     #25    project projection synced   done
#26   completed     -               04:11:50   3d8h    3d8h       -     #45    project projection synced   done
#27   completed     -               04:12:08   3d8h    3d8h       -     #52    project projection synced   done
#28   completed     -               04:23:36   3d8h    3d8h       -     #51    project projection synced   done
#29   completed     -               04:23:43   3d8h    3d8h       -     #30    project projection synced   done
#31   completed     -               04:44:52   3d8h    3d8h       -     #50    project projection synced   done
#32   completed     -               04:44:59   3d8h    3d8h       -     #33    project projection synced   done
#35   completed     -               05:02:39   3d8h    3d8h       -     #37    project projection synced   done
#36   completed     -               05:02:45   3d8h    3d8h       -     #38    project projection synced   done
#39   completed     -               07:11:06   3d5h    3d5h       -     #44    project projection synced   done
#40   completed     -               07:11:12   3d5h    3d5h       -     #46    project projection synced   done
#41   completed     -               07:11:17   3d5h    3d5h       -     #48    project projection synced   done
#42   completed     -               07:11:23   3d5h    3d5h       -     #47    project projection synced   done
#43   completed     -               07:11:28   3d5h    3d5h       -     #49    project projection synced   done
#53   completed     -               10:22:27   1d2h    1d2h       -     #54    project projection synced   done
#55   completed     -               11:36:15   1d1h    1d1h       -     #56    project projection synced   done
#57   completed     -               00:38:52   12h29m  12h29m     -     #60    project projection synced   done
#58   completed     -               00:38:58   12h29m  12h29m     -     #61    project projection synced   done
#59   completed     -               00:39:04   12h29m  12h29m     -     #62    project projection synced   done
#63   completed     -               11:01:53   2h6m    2h6m       -     #64    project projection synced   done
#65   completed     -               12:23:19   45m     45m        -     #66    project projection synced   done
13:08:30  watch cycle 77 started
13:08:31  [CYCLE] active=0 started=0 history=0
13:08:36  watch cycle 78 started
13:08:37  [CYCLE] active=0 started=0 history=0
Northstar Watch  13:08:37  repo=northstar-todo-web  active=0  started=0  history=0  ready=0  running=0  verifying=0  releasing=0  exception=0  completed=33
Issue Status        Stage           Started    Age     Stage Age  Err   PR     Last Event                  Next
#1    completed     -               01:25:01   4d11h   4d11h      -     #2     project projection synced   done
#3    completed     -               07:38:05   4d5h    4d5h       -     #4     project projection synced   done
#5    completed     -               08:14:56   4d4h    4d4h       -     #6     project projection synced   done
#7    completed     -               10:33:21   4d2h    4d2h       -     #8     project projection synced   done
#9    completed     -               11:53:59   4d1h    4d1h       -     #10    project projection synced   done
#11   completed     -               12:52:14   4d      4d         -     #12    project projection synced   done
#13   completed     -               13:10:03   3d23h   3d23h      -     #14    admin action                done
#15   completed     -               13:52:28   3d23h   3d23h      -     #16    project projection synced   done
#17   completed     -               14:04:49   3d23h   3d23h      -     #18    project projection synced   done
#19   completed     -               03:18:31   3d9h    3d9h       -     #22    completed worktree clea...  done
#20   completed     -               03:18:37   3d9h    3d9h       -     #21    project projection synced   done
#23   completed     -               03:50:27   3d9h    3d9h       -     #25    project projection synced   done
#24   completed     -               03:50:33   3d9h    3d9h       -     #25    project projection synced   done
#26   completed     -               04:11:50   3d8h    3d8h       -     #45    project projection synced   done
#27   completed     -               04:12:08   3d8h    3d8h       -     #52    project projection synced   done
#28   completed     -               04:23:36   3d8h    3d8h       -     #51    project projection synced   done
#29   completed     -               04:23:43   3d8h    3d8h       -     #30    project projection synced   done
#31   completed     -               04:44:52   3d8h    3d8h       -     #50    project projection synced   done
#32   completed     -               04:44:59   3d8h    3d8h       -     #33    project projection synced   done
#35   completed     -               05:02:39   3d8h    3d8h       -     #37    project projection synced   done
#36   completed     -               05:02:45   3d8h    3d8h       -     #38    project projection synced   done
#39   completed     -               07:11:06   3d5h    3d5h       -     #44    project projection synced   done
#40   completed     -               07:11:12   3d5h    3d5h       -     #46    project projection synced   done
#41   completed     -               07:11:17   3d5h    3d5h       -     #48    project projection synced   done
#42   completed     -               07:11:23   3d5h    3d5h       -     #47    project projection synced   done
#43   completed     -               07:11:28   3d5h    3d5h       -     #49    project projection synced   done
#53   completed     -               10:22:27   1d2h    1d2h       -     #54    project projection synced   done
#55   completed     -               11:36:15   1d1h    1d1h       -     #56    project projection synced   done
#57   completed     -               00:38:52   12h29m  12h29m     -     #60    project projection synced   done
#58   completed     -               00:38:58   12h29m  12h29m     -     #61    project projection synced   done
#59   completed     -               00:39:04   12h29m  12h29m     -     #62    project projection synced   done
#63   completed     -               11:01:53   2h6m    2h6m       -     #64    project projection synced   done
#65   completed     -               12:23:19   45m     45m        -     #66    project projection synced   done
13:08:42  watch cycle 79 started
13:08:42  [CYCLE] active=0 started=0 history=0
13:08:47  watch cycle 80 started
13:08:48  [CYCLE] active=0 started=0 history=0
Northstar Watch  13:08:48  repo=northstar-todo-web  active=0  started=0  history=0  ready=0  running=0  verifying=0  releasing=0  exception=0  completed=33
Issue Status        Stage           Started    Age     Stage Age  Err   PR     Last Event                  Next
#1    completed     -               01:25:01   4d11h   4d11h      -     #2     project projection synced   done
#3    completed     -               07:38:05   4d5h    4d5h       -     #4     project projection synced   done
#5    completed     -               08:14:56   4d4h    4d4h       -     #6     project projection synced   done
#7    completed     -               10:33:21   4d2h    4d2h       -     #8     project projection synced   done
#9    completed     -               11:53:59   4d1h    4d1h       -     #10    project projection synced   done
#11   completed     -               12:52:14   4d      4d         -     #12    project projection synced   done
#13   completed     -               13:10:03   3d23h   3d23h      -     #14    admin action                done
#15   completed     -               13:52:28   3d23h   3d23h      -     #16    project projection synced   done
#17   completed     -               14:04:49   3d23h   3d23h      -     #18    project projection synced   done
#19   completed     -               03:18:31   3d9h    3d9h       -     #22    completed worktree clea...  done
#20   completed     -               03:18:37   3d9h    3d9h       -     #21    project projection synced   done
#23   completed     -               03:50:27   3d9h    3d9h       -     #25    project projection synced   done
#24   completed     -               03:50:33   3d9h    3d9h       -     #25    project projection synced   done
#26   completed     -               04:11:50   3d8h    3d8h       -     #45    project projection synced   done
#27   completed     -               04:12:08   3d8h    3d8h       -     #52    project projection synced   done
#28   completed     -               04:23:36   3d8h    3d8h       -     #51    project projection synced   done
#29   completed     -               04:23:43   3d8h    3d8h       -     #30    project projection synced   done
#31   completed     -               04:44:52   3d8h    3d8h       -     #50    project projection synced   done
#32   completed     -               04:44:59   3d8h    3d8h       -     #33    project projection synced   done
#35   completed     -               05:02:39   3d8h    3d8h       -     #37    project projection synced   done
#36   completed     -               05:02:45   3d8h    3d8h       -     #38    project projection synced   done
#39   completed     -               07:11:06   3d5h    3d5h       -     #44    project projection synced   done
#40   completed     -               07:11:12   3d5h    3d5h       -     #46    project projection synced   done
#41   completed     -               07:11:17   3d5h    3d5h       -     #48    project projection synced   done
#42   completed     -               07:11:23   3d5h    3d5h       -     #47    project projection synced   done
#43   completed     -               07:11:28   3d5h    3d5h       -     #49    project projection synced   done
#53   completed     -               10:22:27   1d2h    1d2h       -     #54    project projection synced   done
#55   completed     -               11:36:15   1d1h    1d1h       -     #56    project projection synced   done
#57   completed     -               00:38:52   12h29m  12h29m     -     #60    project projection synced   done
#58   completed     -               00:38:58   12h29m  12h29m     -     #61    project projection synced   done
#59   completed     -               00:39:04   12h29m  12h29m     -     #62    project projection synced   done
#63   completed     -               11:01:53   2h6m    2h6m       -     #64    project projection synced   done
#65   completed     -               12:23:19   45m     45m        -     #66    project projection synced   done
13:08:53  watch cycle 81 started
13:08:54  [CYCLE] active=0 started=0 history=0
13:08:59  watch cycle 82 started
13:08:59  [CYCLE] active=0 started=0 history=0
Northstar Watch  13:08:59  repo=northstar-todo-web  active=0  started=0  history=0  ready=0  running=0  verifying=0  releasing=0  exception=0  completed=33
Issue Status        Stage           Started    Age     Stage Age  Err   PR     Last Event                  Next
#1    completed     -               01:25:01   4d11h   4d11h      -     #2     project projection synced   done
#3    completed     -               07:38:05   4d5h    4d5h       -     #4     project projection synced   done
#5    completed     -               08:14:56   4d4h    4d4h       -     #6     project projection synced   done
#7    completed     -               10:33:21   4d2h    4d2h       -     #8     project projection synced   done
#9    completed     -               11:53:59   4d1h    4d1h       -     #10    project projection synced   done
#11   completed     -               12:52:14   4d      4d         -     #12    project projection synced   done
#13   completed     -               13:10:03   3d23h   3d23h      -     #14    admin action                done
#15   completed     -               13:52:28   3d23h   3d23h      -     #16    project projection synced   done
#17   completed     -               14:04:49   3d23h   3d23h      -     #18    project projection synced   done
#19   completed     -               03:18:31   3d9h    3d9h       -     #22    completed worktree clea...  done
#20   completed     -               03:18:37   3d9h    3d9h       -     #21    project projection synced   done
#23   completed     -               03:50:27   3d9h    3d9h       -     #25    project projection synced   done
#24   completed     -               03:50:33   3d9h    3d9h       -     #25    project projection synced   done
#26   completed     -               04:11:50   3d8h    3d8h       -     #45    project projection synced   done
#27   completed     -               04:12:08   3d8h    3d8h       -     #52    project projection synced   done
#28   completed     -               04:23:36   3d8h    3d8h       -     #51    project projection synced   done
#29   completed     -               04:23:43   3d8h    3d8h       -     #30    project projection synced   done
#31   completed     -               04:44:52   3d8h    3d8h       -     #50    project projection synced   done
#32   completed     -               04:44:59   3d8h    3d8h       -     #33    project projection synced   done
#35   completed     -               05:02:39   3d8h    3d8h       -     #37    project projection synced   done
#36   completed     -               05:02:45   3d8h    3d8h       -     #38    project projection synced   done
#39   completed     -               07:11:06   3d5h    3d5h       -     #44    project projection synced   done
#40   completed     -               07:11:12   3d5h    3d5h       -     #46    project projection synced   done
#41   completed     -               07:11:17   3d5h    3d5h       -     #48    project projection synced   done
#42   completed     -               07:11:23   3d5h    3d5h       -     #47    project projection synced   done
#43   completed     -               07:11:28   3d5h    3d5h       -     #49    project projection synced   done
#53   completed     -               10:22:27   1d2h    1d2h       -     #54    project projection synced   done
#55   completed     -               11:36:15   1d1h    1d1h       -     #56    project projection synced   done
#57   completed     -               00:38:52   12h30m  12h30m     -     #60    project projection synced   done
#58   completed     -               00:38:58   12h30m  12h30m     -     #61    project projection synced   done
#59   completed     -               00:39:04   12h29m  12h29m     -     #62    project projection synced   done
#63   completed     -               11:01:53   2h7m    2h7m       -     #64    project projection synced   done
#65   completed     -               12:23:19   45m     45m        -     #66    project projection synced   done
13:09:04  watch cycle 83 started
13:09:05  [CYCLE] active=0 started=0 history=0
13:09:10  watch cycle 84 started
13:09:11  [CYCLE] active=0 started=0 history=0
Northstar Watch  13:09:11  repo=northstar-todo-web  active=0  started=0  history=0  ready=0  running=0  verifying=0  releasing=0  exception=0  completed=33
Issue Status        Stage           Started    Age     Stage Age  Err   PR     Last Event                  Next
#1    completed     -               01:25:01   4d11h   4d11h      -     #2     project projection synced   done
#3    completed     -               07:38:05   4d5h    4d5h       -     #4     project projection synced   done
#5    completed     -               08:14:56   4d4h    4d4h       -     #6     project projection synced   done
#7    completed     -               10:33:21   4d2h    4d2h       -     #8     project projection synced   done
#9    completed     -               11:53:59   4d1h    4d1h       -     #10    project projection synced   done
#11   completed     -               12:52:14   4d      4d         -     #12    project projection synced   done
#13   completed     -               13:10:03   3d23h   3d23h      -     #14    admin action                done
#15   completed     -               13:52:28   3d23h   3d23h      -     #16    project projection synced   done
#17   completed     -               14:04:49   3d23h   3d23h      -     #18    project projection synced   done
#19   completed     -               03:18:31   3d9h    3d9h       -     #22    completed worktree clea...  done
#20   completed     -               03:18:37   3d9h    3d9h       -     #21    project projection synced   done
#23   completed     -               03:50:27   3d9h    3d9h       -     #25    project projection synced   done
#24   completed     -               03:50:33   3d9h    3d9h       -     #25    project projection synced   done
#26   completed     -               04:11:50   3d8h    3d8h       -     #45    project projection synced   done
#27   completed     -               04:12:08   3d8h    3d8h       -     #52    project projection synced   done
#28   completed     -               04:23:36   3d8h    3d8h       -     #51    project projection synced   done
#29   completed     -               04:23:43   3d8h    3d8h       -     #30    project projection synced   done
#31   completed     -               04:44:52   3d8h    3d8h       -     #50    project projection synced   done
#32   completed     -               04:44:59   3d8h    3d8h       -     #33    project projection synced   done
#35   completed     -               05:02:39   3d8h    3d8h       -     #37    project projection synced   done
#36   completed     -               05:02:45   3d8h    3d8h       -     #38    project projection synced   done
#39   completed     -               07:11:06   3d5h    3d5h       -     #44    project projection synced   done
#40   completed     -               07:11:12   3d5h    3d5h       -     #46    project projection synced   done
#41   completed     -               07:11:17   3d5h    3d5h       -     #48    project projection synced   done
#42   completed     -               07:11:23   3d5h    3d5h       -     #47    project projection synced   done
#43   completed     -               07:11:28   3d5h    3d5h       -     #49    project projection synced   done
#53   completed     -               10:22:27   1d2h    1d2h       -     #54    project projection synced   done
#55   completed     -               11:36:15   1d1h    1d1h       -     #56    project projection synced   done
#57   completed     -               00:38:52   12h30m  12h30m     -     #60    project projection synced   done
#58   completed     -               00:38:58   12h30m  12h30m     -     #61    project projection synced   done
#59   completed     -               00:39:04   12h30m  12h30m     -     #62    project projection synced   done
#63   completed     -               11:01:53   2h7m    2h7m       -     #64    project projection synced   done
#65   completed     -               12:23:19   45m     45m        -     #66    project projection synced   done
13:09:16  watch cycle 85 started
13:09:16  [CYCLE] active=0 started=0 history=0
13:09:21  watch cycle 86 started
13:09:22  [CYCLE] active=0 started=0 history=0
Northstar Watch  13:09:22  repo=northstar-todo-web  active=0  started=0  history=0  ready=0  running=0  verifying=0  releasing=0  exception=0  completed=33
Issue Status        Stage           Started    Age     Stage Age  Err   PR     Last Event                  Next
#1    completed     -               01:25:01   4d11h   4d11h      -     #2     project projection synced   done
#3    completed     -               07:38:05   4d5h    4d5h       -     #4     project projection synced   done
#5    completed     -               08:14:56   4d4h    4d4h       -     #6     project projection synced   done
#7    completed     -               10:33:21   4d2h    4d2h       -     #8     project projection synced   done
#9    completed     -               11:53:59   4d1h    4d1h       -     #10    project projection synced   done
#11   completed     -               12:52:14   4d      4d         -     #12    project projection synced   done
#13   completed     -               13:10:03   3d23h   3d23h      -     #14    admin action                done
#15   completed     -               13:52:28   3d23h   3d23h      -     #16    project projection synced   done
#17   completed     -               14:04:49   3d23h   3d23h      -     #18    project projection synced   done
#19   completed     -               03:18:31   3d9h    3d9h       -     #22    completed worktree clea...  done
#20   completed     -               03:18:37   3d9h    3d9h       -     #21    project projection synced   done
#23   completed     -               03:50:27   3d9h    3d9h       -     #25    project projection synced   done
#24   completed     -               03:50:33   3d9h    3d9h       -     #25    project projection synced   done
#26   completed     -               04:11:50   3d8h    3d8h       -     #45    project projection synced   done
#27   completed     -               04:12:08   3d8h    3d8h       -     #52    project projection synced   done
#28   completed     -               04:23:36   3d8h    3d8h       -     #51    project projection synced   done
#29   completed     -               04:23:43   3d8h    3d8h       -     #30    project projection synced   done
#31   completed     -               04:44:52   3d8h    3d8h       -     #50    project projection synced   done
#32   completed     -               04:44:59   3d8h    3d8h       -     #33    project projection synced   done
#35   completed     -               05:02:39   3d8h    3d8h       -     #37    project projection synced   done
#36   completed     -               05:02:45   3d8h    3d8h       -     #38    project projection synced   done
#39   completed     -               07:11:06   3d5h    3d5h       -     #44    project projection synced   done
#40   completed     -               07:11:12   3d5h    3d5h       -     #46    project projection synced   done
#41   completed     -               07:11:17   3d5h    3d5h       -     #48    project projection synced   done
#42   completed     -               07:11:23   3d5h    3d5h       -     #47    project projection synced   done
#43   completed     -               07:11:28   3d5h    3d5h       -     #49    project projection synced   done
#53   completed     -               10:22:27   1d2h    1d2h       -     #54    project projection synced   done
#55   completed     -               11:36:15   1d1h    1d1h       -     #56    project projection synced   done
#57   completed     -               00:38:52   12h30m  12h30m     -     #60    project projection synced   done
#58   completed     -               00:38:58   12h30m  12h30m     -     #61    project projection synced   done
#59   completed     -               00:39:04   12h30m  12h30m     -     #62    project projection synced   done
#63   completed     -               11:01:53   2h7m    2h7m       -     #64    project projection synced   done
#65   completed     -               12:23:19   46m     46m        -     #66    project projection synced   done
13:09:27  watch cycle 87 started
13:09:28  [CYCLE] active=0 started=0 history=0
13:09:33  watch cycle 88 started
13:09:33  [CYCLE] active=0 started=0 history=0
Northstar Watch  13:09:33  repo=northstar-todo-web  active=0  started=0  history=0  ready=0  running=0  verifying=0  releasing=0  exception=0  completed=33
Issue Status        Stage           Started    Age     Stage Age  Err   PR     Last Event                  Next
#1    completed     -               01:25:01   4d11h   4d11h      -     #2     project projection synced   done
#3    completed     -               07:38:05   4d5h    4d5h       -     #4     project projection synced   done
#5    completed     -               08:14:56   4d4h    4d4h       -     #6     project projection synced   done
#7    completed     -               10:33:21   4d2h    4d2h       -     #8     project projection synced   done
#9    completed     -               11:53:59   4d1h    4d1h       -     #10    project projection synced   done
#11   completed     -               12:52:14   4d      4d         -     #12    project projection synced   done
#13   completed     -               13:10:03   3d23h   3d23h      -     #14    admin action                done
#15   completed     -               13:52:28   3d23h   3d23h      -     #16    project projection synced   done
#17   completed     -               14:04:49   3d23h   3d23h      -     #18    project projection synced   done
#19   completed     -               03:18:31   3d9h    3d9h       -     #22    completed worktree clea...  done
#20   completed     -               03:18:37   3d9h    3d9h       -     #21    project projection synced   done
#23   completed     -               03:50:27   3d9h    3d9h       -     #25    project projection synced   done
#24   completed     -               03:50:33   3d9h    3d9h       -     #25    project projection synced   done
#26   completed     -               04:11:50   3d8h    3d8h       -     #45    project projection synced   done
#27   completed     -               04:12:08   3d8h    3d8h       -     #52    project projection synced   done
#28   completed     -               04:23:36   3d8h    3d8h       -     #51    project projection synced   done
#29   completed     -               04:23:43   3d8h    3d8h       -     #30    project projection synced   done
#31   completed     -               04:44:52   3d8h    3d8h       -     #50    project projection synced   done
#32   completed     -               04:44:59   3d8h    3d8h       -     #33    project projection synced   done
#35   completed     -               05:02:39   3d8h    3d8h       -     #37    project projection synced   done
#36   completed     -               05:02:45   3d8h    3d8h       -     #38    project projection synced   done
#39   completed     -               07:11:06   3d5h    3d5h       -     #44    project projection synced   done
#40   completed     -               07:11:12   3d5h    3d5h       -     #46    project projection synced   done
#41   completed     -               07:11:17   3d5h    3d5h       -     #48    project projection synced   done
#42   completed     -               07:11:23   3d5h    3d5h       -     #47    project projection synced   done
#43   completed     -               07:11:28   3d5h    3d5h       -     #49    project projection synced   done
#53   completed     -               10:22:27   1d2h    1d2h       -     #54    project projection synced   done
#55   completed     -               11:36:15   1d1h    1d1h       -     #56    project projection synced   done
#57   completed     -               00:38:52   12h30m  12h30m     -     #60    project projection synced   done
#58   completed     -               00:38:58   12h30m  12h30m     -     #61    project projection synced   done
#59   completed     -               00:39:04   12h30m  12h30m     -     #62    project projection synced   done
#63   completed     -               11:01:53   2h7m    2h7m       -     #64    project projection synced   done
#65   completed     -               12:23:19   46m     46m        -     #66    project projection synced   done
13:09:38  watch cycle 89 started
13:09:39  [CYCLE] active=0 started=0 history=0
13:09:44  watch cycle 90 started
13:09:44  [CYCLE] active=0 started=0 history=0
Northstar Watch  13:09:44  repo=northstar-todo-web  active=0  started=0  history=0  ready=0  running=0  verifying=0  releasing=0  exception=0  completed=33
Issue Status        Stage           Started    Age     Stage Age  Err   PR     Last Event                  Next
#1    completed     -               01:25:01   4d11h   4d11h      -     #2     project projection synced   done
#3    completed     -               07:38:05   4d5h    4d5h       -     #4     project projection synced   done
#5    completed     -               08:14:56   4d4h    4d4h       -     #6     project projection synced   done
#7    completed     -               10:33:21   4d2h    4d2h       -     #8     project projection synced   done
#9    completed     -               11:53:59   4d1h    4d1h       -     #10    project projection synced   done
#11   completed     -               12:52:14   4d      4d         -     #12    project projection synced   done
#13   completed     -               13:10:03   3d23h   3d23h      -     #14    admin action                done
#15   completed     -               13:52:28   3d23h   3d23h      -     #16    project projection synced   done
#17   completed     -               14:04:49   3d23h   3d23h      -     #18    project projection synced   done
#19   completed     -               03:18:31   3d9h    3d9h       -     #22    completed worktree clea...  done
#20   completed     -               03:18:37   3d9h    3d9h       -     #21    project projection synced   done
#23   completed     -               03:50:27   3d9h    3d9h       -     #25    project projection synced   done
#24   completed     -               03:50:33   3d9h    3d9h       -     #25    project projection synced   done
#26   completed     -               04:11:50   3d8h    3d8h       -     #45    project projection synced   done
#27   completed     -               04:12:08   3d8h    3d8h       -     #52    project projection synced   done
#28   completed     -               04:23:36   3d8h    3d8h       -     #51    project projection synced   done
#29   completed     -               04:23:43   3d8h    3d8h       -     #30    project projection synced   done
#31   completed     -               04:44:52   3d8h    3d8h       -     #50    project projection synced   done
#32   completed     -               04:44:59   3d8h    3d8h       -     #33    project projection synced   done
#35   completed     -               05:02:39   3d8h    3d8h       -     #37    project projection synced   done
#36   completed     -               05:02:45   3d8h    3d8h       -     #38    project projection synced   done
#39   completed     -               07:11:06   3d5h    3d5h       -     #44    project projection synced   done
#40   completed     -               07:11:12   3d5h    3d5h       -     #46    project projection synced   done
#41   completed     -               07:11:17   3d5h    3d5h       -     #48    project projection synced   done
#42   completed     -               07:11:23   3d5h    3d5h       -     #47    project projection synced   done
#43   completed     -               07:11:28   3d5h    3d5h       -     #49    project projection synced   done
#53   completed     -               10:22:27   1d2h    1d2h       -     #54    project projection synced   done
#55   completed     -               11:36:15   1d1h    1d1h       -     #56    project projection synced   done
#57   completed     -               00:38:52   12h30m  12h30m     -     #60    project projection synced   done
#58   completed     -               00:38:58   12h30m  12h30m     -     #61    project projection synced   done
#59   completed     -               00:39:04   12h30m  12h30m     -     #62    project projection synced   done
#63   completed     -               11:01:53   2h7m    2h7m       -     #64    project projection synced   done
#65   completed     -               12:23:19   46m     46m        -     #66    project projection synced   done
13:09:49  watch cycle 91 started
13:09:50  [CYCLE] active=0 started=0 history=0
13:09:55  watch cycle 92 started
13:09:56  [CYCLE] active=0 started=0 history=0
Northstar Watch  13:09:56  repo=northstar-todo-web  active=0  started=0  history=0  ready=0  running=0  verifying=0  releasing=0  exception=0  completed=33
Issue Status        Stage           Started    Age     Stage Age  Err   PR     Last Event                  Next
#1    completed     -               01:25:01   4d11h   4d11h      -     #2     project projection synced   done
#3    completed     -               07:38:05   4d5h    4d5h       -     #4     project projection synced   done
#5    completed     -               08:14:56   4d4h    4d4h       -     #6     project projection synced   done
#7    completed     -               10:33:21   4d2h    4d2h       -     #8     project projection synced   done
#9    completed     -               11:53:59   4d1h    4d1h       -     #10    project projection synced   done
#11   completed     -               12:52:14   4d      4d         -     #12    project projection synced   done
#13   completed     -               13:10:03   3d23h   3d23h      -     #14    admin action                done
#15   completed     -               13:52:28   3d23h   3d23h      -     #16    project projection synced   done
#17   completed     -               14:04:49   3d23h   3d23h      -     #18    project projection synced   done
#19   completed     -               03:18:31   3d9h    3d9h       -     #22    completed worktree clea...  done
#20   completed     -               03:18:37   3d9h    3d9h       -     #21    project projection synced   done
#23   completed     -               03:50:27   3d9h    3d9h       -     #25    project projection synced   done
#24   completed     -               03:50:33   3d9h    3d9h       -     #25    project projection synced   done
#26   completed     -               04:11:50   3d8h    3d8h       -     #45    project projection synced   done
#27   completed     -               04:12:08   3d8h    3d8h       -     #52    project projection synced   done
#28   completed     -               04:23:36   3d8h    3d8h       -     #51    project projection synced   done
#29   completed     -               04:23:43   3d8h    3d8h       -     #30    project projection synced   done
#31   completed     -               04:44:52   3d8h    3d8h       -     #50    project projection synced   done
#32   completed     -               04:44:59   3d8h    3d8h       -     #33    project projection synced   done
#35   completed     -               05:02:39   3d8h    3d8h       -     #37    project projection synced   done
#36   completed     -               05:02:45   3d8h    3d8h       -     #38    project projection synced   done
#39   completed     -               07:11:06   3d5h    3d5h       -     #44    project projection synced   done
#40   completed     -               07:11:12   3d5h    3d5h       -     #46    project projection synced   done
#41   completed     -               07:11:17   3d5h    3d5h       -     #48    project projection synced   done
#42   completed     -               07:11:23   3d5h    3d5h       -     #47    project projection synced   done
#43   completed     -               07:11:28   3d5h    3d5h       -     #49    project projection synced   done
#53   completed     -               10:22:27   1d2h    1d2h       -     #54    project projection synced   done
#55   completed     -               11:36:15   1d1h    1d1h       -     #56    project projection synced   done
#57   completed     -               00:38:52   12h31m  12h31m     -     #60    project projection synced   done
#58   completed     -               00:38:58   12h30m  12h30m     -     #61    project projection synced   done
#59   completed     -               00:39:04   12h30m  12h30m     -     #62    project projection synced   done
#63   completed     -               11:01:53   2h8m    2h8m       -     #64    project projection synced   done
#65   completed     -               12:23:19   46m     46m        -     #66    project projection synced   done
13:10:01  watch cycle 93 started
13:10:01  [CYCLE] active=0 started=0 history=0
13:10:06  watch cycle 94 started
13:10:07  [CYCLE] active=0 started=0 history=0
Northstar Watch  13:10:07  repo=northstar-todo-web  active=0  started=0  history=0  ready=0  running=0  verifying=0  releasing=0  exception=0  completed=33
Issue Status        Stage           Started    Age     Stage Age  Err   PR     Last Event                  Next
#1    completed     -               01:25:01   4d11h   4d11h      -     #2     project projection synced   done
#3    completed     -               07:38:05   4d5h    4d5h       -     #4     project projection synced   done
#5    completed     -               08:14:56   4d4h    4d4h       -     #6     project projection synced   done
#7    completed     -               10:33:21   4d2h    4d2h       -     #8     project projection synced   done
#9    completed     -               11:53:59   4d1h    4d1h       -     #10    project projection synced   done
#11   completed     -               12:52:14   4d      4d         -     #12    project projection synced   done
#13   completed     -               13:10:03   4d      4d         -     #14    admin action                done
#15   completed     -               13:52:28   3d23h   3d23h      -     #16    project projection synced   done
#17   completed     -               14:04:49   3d23h   3d23h      -     #18    project projection synced   done
#19   completed     -               03:18:31   3d9h    3d9h       -     #22    completed worktree clea...  done
#20   completed     -               03:18:37   3d9h    3d9h       -     #21    project projection synced   done
#23   completed     -               03:50:27   3d9h    3d9h       -     #25    project projection synced   done
#24   completed     -               03:50:33   3d9h    3d9h       -     #25    project projection synced   done
#26   completed     -               04:11:50   3d8h    3d8h       -     #45    project projection synced   done
#27   completed     -               04:12:08   3d8h    3d8h       -     #52    project projection synced   done
#28   completed     -               04:23:36   3d8h    3d8h       -     #51    project projection synced   done
#29   completed     -               04:23:43   3d8h    3d8h       -     #30    project projection synced   done
#31   completed     -               04:44:52   3d8h    3d8h       -     #50    project projection synced   done
#32   completed     -               04:44:59   3d8h    3d8h       -     #33    project projection synced   done
#35   completed     -               05:02:39   3d8h    3d8h       -     #37    project projection synced   done
#36   completed     -               05:02:45   3d8h    3d8h       -     #38    project projection synced   done
#39   completed     -               07:11:06   3d5h    3d5h       -     #44    project projection synced   done
#40   completed     -               07:11:12   3d5h    3d5h       -     #46    project projection synced   done
#41   completed     -               07:11:17   3d5h    3d5h       -     #48    project projection synced   done
#42   completed     -               07:11:23   3d5h    3d5h       -     #47    project projection synced   done
#43   completed     -               07:11:28   3d5h    3d5h       -     #49    project projection synced   done
#53   completed     -               10:22:27   1d2h    1d2h       -     #54    project projection synced   done
#55   completed     -               11:36:15   1d1h    1d1h       -     #56    project projection synced   done
#57   completed     -               00:38:52   12h31m  12h31m     -     #60    project projection synced   done
#58   completed     -               00:38:58   12h31m  12h31m     -     #61    project projection synced   done
#59   completed     -               00:39:04   12h31m  12h31m     -     #62    project projection synced   done
#63   completed     -               11:01:53   2h8m    2h8m       -     #64    project projection synced   done
#65   completed     -               12:23:19   46m     46m        -     #66    project projection synced   done
13:10:12  watch cycle 95 started
13:10:13  [CYCLE] active=0 started=0 history=0
13:10:18  watch cycle 96 started
13:10:19  [CYCLE] active=0 started=0 history=0
Northstar Watch  13:10:19  repo=northstar-todo-web  active=0  started=0  history=0  ready=0  running=0  verifying=0  releasing=0  exception=0  completed=33
Issue Status        Stage           Started    Age     Stage Age  Err   PR     Last Event                  Next
#1    completed     -               01:25:01   4d11h   4d11h      -     #2     project projection synced   done
#3    completed     -               07:38:05   4d5h    4d5h       -     #4     project projection synced   done
#5    completed     -               08:14:56   4d4h    4d4h       -     #6     project projection synced   done
#7    completed     -               10:33:21   4d2h    4d2h       -     #8     project projection synced   done
#9    completed     -               11:53:59   4d1h    4d1h       -     #10    project projection synced   done
#11   completed     -               12:52:14   4d      4d         -     #12    project projection synced   done
#13   completed     -               13:10:03   4d      4d         -     #14    admin action                done
#15   completed     -               13:52:28   3d23h   3d23h      -     #16    project projection synced   done
#17   completed     -               14:04:49   3d23h   3d23h      -     #18    project projection synced   done
#19   completed     -               03:18:31   3d9h    3d9h       -     #22    completed worktree clea...  done
#20   completed     -               03:18:37   3d9h    3d9h       -     #21    project projection synced   done
#23   completed     -               03:50:27   3d9h    3d9h       -     #25    project projection synced   done
#24   completed     -               03:50:33   3d9h    3d9h       -     #25    project projection synced   done
#26   completed     -               04:11:50   3d8h    3d8h       -     #45    project projection synced   done
#27   completed     -               04:12:08   3d8h    3d8h       -     #52    project projection synced   done
#28   completed     -               04:23:36   3d8h    3d8h       -     #51    project projection synced   done
#29   completed     -               04:23:43   3d8h    3d8h       -     #30    project projection synced   done
#31   completed     -               04:44:52   3d8h    3d8h       -     #50    project projection synced   done
#32   completed     -               04:44:59   3d8h    3d8h       -     #33    project projection synced   done
#35   completed     -               05:02:39   3d8h    3d8h       -     #37    project projection synced   done
#36   completed     -               05:02:45   3d8h    3d8h       -     #38    project projection synced   done
#39   completed     -               07:11:06   3d5h    3d5h       -     #44    project projection synced   done
#40   completed     -               07:11:12   3d5h    3d5h       -     #46    project projection synced   done
#41   completed     -               07:11:17   3d5h    3d5h       -     #48    project projection synced   done
#42   completed     -               07:11:23   3d5h    3d5h       -     #47    project projection synced   done
#43   completed     -               07:11:28   3d5h    3d5h       -     #49    project projection synced   done
#53   completed     -               10:22:27   1d2h    1d2h       -     #54    project projection synced   done
#55   completed     -               11:36:15   1d1h    1d1h       -     #56    project projection synced   done
#57   completed     -               00:38:52   12h31m  12h31m     -     #60    project projection synced   done
#58   completed     -               00:38:58   12h31m  12h31m     -     #61    project projection synced   done
#59   completed     -               00:39:04   12h31m  12h31m     -     #62    project projection synced   done
#63   completed     -               11:01:53   2h8m    2h8m       -     #64    project projection synced   done
#65   completed     -               12:23:19   46m     46m        -     #66    project projection synced   done
13:10:24  watch cycle 97 started
13:10:24  [CYCLE] active=0 started=0 history=0
13:10:29  watch cycle 98 started
13:10:30  [CYCLE] active=0 started=0 history=0
Northstar Watch  13:10:30  repo=northstar-todo-web  active=0  started=0  history=0  ready=0  running=0  verifying=0  releasing=0  exception=0  completed=33
Issue Status        Stage           Started    Age     Stage Age  Err   PR     Last Event                  Next
#1    completed     -               01:25:01   4d11h   4d11h      -     #2     project projection synced   done
#3    completed     -               07:38:05   4d5h    4d5h       -     #4     project projection synced   done
#5    completed     -               08:14:56   4d4h    4d4h       -     #6     project projection synced   done
#7    completed     -               10:33:21   4d2h    4d2h       -     #8     project projection synced   done
#9    completed     -               11:53:59   4d1h    4d1h       -     #10    project projection synced   done
#11   completed     -               12:52:14   4d      4d         -     #12    project projection synced   done
#13   completed     -               13:10:03   4d      4d         -     #14    admin action                done
#15   completed     -               13:52:28   3d23h   3d23h      -     #16    project projection synced   done
#17   completed     -               14:04:49   3d23h   3d23h      -     #18    project projection synced   done
#19   completed     -               03:18:31   3d9h    3d9h       -     #22    completed worktree clea...  done
#20   completed     -               03:18:37   3d9h    3d9h       -     #21    project projection synced   done
#23   completed     -               03:50:27   3d9h    3d9h       -     #25    project projection synced   done
#24   completed     -               03:50:33   3d9h    3d9h       -     #25    project projection synced   done
#26   completed     -               04:11:50   3d8h    3d8h       -     #45    project projection synced   done
#27   completed     -               04:12:08   3d8h    3d8h       -     #52    project projection synced   done
#28   completed     -               04:23:36   3d8h    3d8h       -     #51    project projection synced   done
#29   completed     -               04:23:43   3d8h    3d8h       -     #30    project projection synced   done
#31   completed     -               04:44:52   3d8h    3d8h       -     #50    project projection synced   done
#32   completed     -               04:44:59   3d8h    3d8h       -     #33    project projection synced   done
#35   completed     -               05:02:39   3d8h    3d8h       -     #37    project projection synced   done
#36   completed     -               05:02:45   3d8h    3d8h       -     #38    project projection synced   done
#39   completed     -               07:11:06   3d5h    3d5h       -     #44    project projection synced   done
#40   completed     -               07:11:12   3d5h    3d5h       -     #46    project projection synced   done
#41   completed     -               07:11:17   3d5h    3d5h       -     #48    project projection synced   done
#42   completed     -               07:11:23   3d5h    3d5h       -     #47    project projection synced   done
#43   completed     -               07:11:28   3d5h    3d5h       -     #49    project projection synced   done
#53   completed     -               10:22:27   1d2h    1d2h       -     #54    project projection synced   done
#55   completed     -               11:36:15   1d1h    1d1h       -     #56    project projection synced   done
#57   completed     -               00:38:52   12h31m  12h31m     -     #60    project projection synced   done
#58   completed     -               00:38:58   12h31m  12h31m     -     #61    project projection synced   done
#59   completed     -               00:39:04   12h31m  12h31m     -     #62    project projection synced   done
#63   completed     -               11:01:53   2h8m    2h8m       -     #64    project projection synced   done
#65   completed     -               12:23:19   47m     47m        -     #66    project projection synced   done
13:10:35  watch cycle 99 started
13:10:36  [CYCLE] active=0 started=0 history=0
13:10:41  watch cycle 100 started
13:10:41  [CYCLE] active=0 started=0 history=0
Northstar Watch  13:10:41  repo=northstar-todo-web  active=0  started=0  history=0  ready=0  running=0  verifying=0  releasing=0  exception=0  completed=33
Issue Status        Stage           Started    Age     Stage Age  Err   PR     Last Event                  Next
#1    completed     -               01:25:01   4d11h   4d11h      -     #2     project projection synced   done
#3    completed     -               07:38:05   4d5h    4d5h       -     #4     project projection synced   done
#5    completed     -               08:14:56   4d4h    4d4h       -     #6     project projection synced   done
#7    completed     -               10:33:21   4d2h    4d2h       -     #8     project projection synced   done
#9    completed     -               11:53:59   4d1h    4d1h       -     #10    project projection synced   done
#11   completed     -               12:52:14   4d      4d         -     #12    project projection synced   done
#13   completed     -               13:10:03   4d      4d         -     #14    admin action                done
#15   completed     -               13:52:28   3d23h   3d23h      -     #16    project projection synced   done
#17   completed     -               14:04:49   3d23h   3d23h      -     #18    project projection synced   done
#19   completed     -               03:18:31   3d9h    3d9h       -     #22    completed worktree clea...  done
#20   completed     -               03:18:37   3d9h    3d9h       -     #21    project projection synced   done
#23   completed     -               03:50:27   3d9h    3d9h       -     #25    project projection synced   done
#24   completed     -               03:50:33   3d9h    3d9h       -     #25    project projection synced   done
#26   completed     -               04:11:50   3d8h    3d8h       -     #45    project projection synced   done
#27   completed     -               04:12:08   3d8h    3d8h       -     #52    project projection synced   done
#28   completed     -               04:23:36   3d8h    3d8h       -     #51    project projection synced   done
#29   completed     -               04:23:43   3d8h    3d8h       -     #30    project projection synced   done
#31   completed     -               04:44:52   3d8h    3d8h       -     #50    project projection synced   done
#32   completed     -               04:44:59   3d8h    3d8h       -     #33    project projection synced   done
#35   completed     -               05:02:39   3d8h    3d8h       -     #37    project projection synced   done
#36   completed     -               05:02:45   3d8h    3d8h       -     #38    project projection synced   done
#39   completed     -               07:11:06   3d5h    3d5h       -     #44    project projection synced   done
#40   completed     -               07:11:12   3d5h    3d5h       -     #46    project projection synced   done
#41   completed     -               07:11:17   3d5h    3d5h       -     #48    project projection synced   done
#42   completed     -               07:11:23   3d5h    3d5h       -     #47    project projection synced   done
#43   completed     -               07:11:28   3d5h    3d5h       -     #49    project projection synced   done
#53   completed     -               10:22:27   1d2h    1d2h       -     #54    project projection synced   done
#55   completed     -               11:36:15   1d1h    1d1h       -     #56    project projection synced   done
#57   completed     -               00:38:52   12h31m  12h31m     -     #60    project projection synced   done
#58   completed     -               00:38:58   12h31m  12h31m     -     #61    project projection synced   done
#59   completed     -               00:39:04   12h31m  12h31m     -     #62    project projection synced   done
#63   completed     -               11:01:53   2h8m    2h8m       -     #64    project projection synced   done
#65   completed     -               12:23:19   47m     47m        -     #66    project projection synced   done
13:10:46  watch cycle 101 started
13:10:47  [CYCLE] active=0 started=0 history=0
13:10:52  watch cycle 102 started
13:10:53  [CYCLE] active=0 started=0 history=0
Northstar Watch  13:10:53  repo=northstar-todo-web  active=0  started=0  history=0  ready=0  running=0  verifying=0  releasing=0  exception=0  completed=33
Issue Status        Stage           Started    Age     Stage Age  Err   PR     Last Event                  Next
#1    completed     -               01:25:01   4d11h   4d11h      -     #2     project projection synced   done
#3    completed     -               07:38:05   4d5h    4d5h       -     #4     project projection synced   done
#5    completed     -               08:14:56   4d4h    4d4h       -     #6     project projection synced   done
#7    completed     -               10:33:21   4d2h    4d2h       -     #8     project projection synced   done
#9    completed     -               11:53:59   4d1h    4d1h       -     #10    project projection synced   done
#11   completed     -               12:52:14   4d      4d         -     #12    project projection synced   done
#13   completed     -               13:10:03   4d      4d         -     #14    admin action                done
#15   completed     -               13:52:28   3d23h   3d23h      -     #16    project projection synced   done
#17   completed     -               14:04:49   3d23h   3d23h      -     #18    project projection synced   done
#19   completed     -               03:18:31   3d9h    3d9h       -     #22    completed worktree clea...  done
#20   completed     -               03:18:37   3d9h    3d9h       -     #21    project projection synced   done
#23   completed     -               03:50:27   3d9h    3d9h       -     #25    project projection synced   done
#24   completed     -               03:50:33   3d9h    3d9h       -     #25    project projection synced   done
#26   completed     -               04:11:50   3d8h    3d8h       -     #45    project projection synced   done
#27   completed     -               04:12:08   3d8h    3d8h       -     #52    project projection synced   done
#28   completed     -               04:23:36   3d8h    3d8h       -     #51    project projection synced   done
#29   completed     -               04:23:43   3d8h    3d8h       -     #30    project projection synced   done
#31   completed     -               04:44:52   3d8h    3d8h       -     #50    project projection synced   done
#32   completed     -               04:44:59   3d8h    3d8h       -     #33    project projection synced   done
#35   completed     -               05:02:39   3d8h    3d8h       -     #37    project projection synced   done
#36   completed     -               05:02:45   3d8h    3d8h       -     #38    project projection synced   done
#39   completed     -               07:11:06   3d5h    3d5h       -     #44    project projection synced   done
#40   completed     -               07:11:12   3d5h    3d5h       -     #46    project projection synced   done
#41   completed     -               07:11:17   3d5h    3d5h       -     #48    project projection synced   done
#42   completed     -               07:11:23   3d5h    3d5h       -     #47    project projection synced   done
#43   completed     -               07:11:28   3d5h    3d5h       -     #49    project projection synced   done
#53   completed     -               10:22:27   1d2h    1d2h       -     #54    project projection synced   done
#55   completed     -               11:36:15   1d1h    1d1h       -     #56    project projection synced   done
#57   completed     -               00:38:52   12h32m  12h32m     -     #60    project projection synced   done
#58   completed     -               00:38:58   12h31m  12h31m     -     #61    project projection synced   done
#59   completed     -               00:39:04   12h31m  12h31m     -     #62    project projection synced   done
#63   completed     -               11:01:53   2h8m    2h8m       -     #64    project projection synced   done
#65   completed     -               12:23:19   47m     47m        -     #66    project projection synced   done
13:10:58  watch cycle 103 started
13:10:58  [CYCLE] active=0 started=0 history=0
13:11:03  watch cycle 104 started
13:11:04  [CYCLE] active=0 started=0 history=0
Northstar Watch  13:11:04  repo=northstar-todo-web  active=0  started=0  history=0  ready=0  running=0  verifying=0  releasing=0  exception=0  completed=33
Issue Status        Stage           Started    Age     Stage Age  Err   PR     Last Event                  Next
#1    completed     -               01:25:01   4d11h   4d11h      -     #2     project projection synced   done
#3    completed     -               07:38:05   4d5h    4d5h       -     #4     project projection synced   done
#5    completed     -               08:14:56   4d4h    4d4h       -     #6     project projection synced   done
#7    completed     -               10:33:21   4d2h    4d2h       -     #8     project projection synced   done
#9    completed     -               11:53:59   4d1h    4d1h       -     #10    project projection synced   done
#11   completed     -               12:52:14   4d      4d         -     #12    project projection synced   done
#13   completed     -               13:10:03   4d      4d         -     #14    admin action                done
#15   completed     -               13:52:28   3d23h   3d23h      -     #16    project projection synced   done
#17   completed     -               14:04:49   3d23h   3d23h      -     #18    project projection synced   done
#19   completed     -               03:18:31   3d9h    3d9h       -     #22    completed worktree clea...  done
#20   completed     -               03:18:37   3d9h    3d9h       -     #21    project projection synced   done
#23   completed     -               03:50:27   3d9h    3d9h       -     #25    project projection synced   done
#24   completed     -               03:50:33   3d9h    3d9h       -     #25    project projection synced   done
#26   completed     -               04:11:50   3d8h    3d8h       -     #45    project projection synced   done
#27   completed     -               04:12:08   3d8h    3d8h       -     #52    project projection synced   done
#28   completed     -               04:23:36   3d8h    3d8h       -     #51    project projection synced   done
#29   completed     -               04:23:43   3d8h    3d8h       -     #30    project projection synced   done
#31   completed     -               04:44:52   3d8h    3d8h       -     #50    project projection synced   done
#32   completed     -               04:44:59   3d8h    3d8h       -     #33    project projection synced   done
#35   completed     -               05:02:39   3d8h    3d8h       -     #37    project projection synced   done
#36   completed     -               05:02:45   3d8h    3d8h       -     #38    project projection synced   done
#39   completed     -               07:11:06   3d5h    3d5h       -     #44    project projection synced   done
#40   completed     -               07:11:12   3d5h    3d5h       -     #46    project projection synced   done
#41   completed     -               07:11:17   3d5h    3d5h       -     #48    project projection synced   done
#42   completed     -               07:11:23   3d5h    3d5h       -     #47    project projection synced   done
#43   completed     -               07:11:28   3d5h    3d5h       -     #49    project projection synced   done
#53   completed     -               10:22:27   1d2h    1d2h       -     #54    project projection synced   done
#55   completed     -               11:36:15   1d1h    1d1h       -     #56    project projection synced   done
#57   completed     -               00:38:52   12h32m  12h32m     -     #60    project projection synced   done
#58   completed     -               00:38:58   12h32m  12h32m     -     #61    project projection synced   done
#59   completed     -               00:39:04   12h32m  12h32m     -     #62    project projection synced   done
#63   completed     -               11:01:53   2h9m    2h9m       -     #64    project projection synced   done
#65   completed     -               12:23:19   47m     47m        -     #66    project projection synced   done
13:11:09  watch cycle 105 started
13:11:10  [CYCLE] active=0 started=0 history=0
13:11:15  watch cycle 106 started
13:11:16  [CYCLE] active=0 started=0 history=0
Northstar Watch  13:11:16  repo=northstar-todo-web  active=0  started=0  history=0  ready=0  running=0  verifying=0  releasing=0  exception=0  completed=33
Issue Status        Stage           Started    Age     Stage Age  Err   PR     Last Event                  Next
#1    completed     -               01:25:01   4d11h   4d11h      -     #2     project projection synced   done
#3    completed     -               07:38:05   4d5h    4d5h       -     #4     project projection synced   done
#5    completed     -               08:14:56   4d4h    4d4h       -     #6     project projection synced   done
#7    completed     -               10:33:21   4d2h    4d2h       -     #8     project projection synced   done
#9    completed     -               11:53:59   4d1h    4d1h       -     #10    project projection synced   done
#11   completed     -               12:52:14   4d      4d         -     #12    project projection synced   done
#13   completed     -               13:10:03   4d      4d         -     #14    admin action                done
#15   completed     -               13:52:28   3d23h   3d23h      -     #16    project projection synced   done
#17   completed     -               14:04:49   3d23h   3d23h      -     #18    project projection synced   done
#19   completed     -               03:18:31   3d9h    3d9h       -     #22    completed worktree clea...  done
#20   completed     -               03:18:37   3d9h    3d9h       -     #21    project projection synced   done
#23   completed     -               03:50:27   3d9h    3d9h       -     #25    project projection synced   done
#24   completed     -               03:50:33   3d9h    3d9h       -     #25    project projection synced   done
#26   completed     -               04:11:50   3d8h    3d8h       -     #45    project projection synced   done
#27   completed     -               04:12:08   3d8h    3d8h       -     #52    project projection synced   done
#28   completed     -               04:23:36   3d8h    3d8h       -     #51    project projection synced   done
#29   completed     -               04:23:43   3d8h    3d8h       -     #30    project projection synced   done
#31   completed     -               04:44:52   3d8h    3d8h       -     #50    project projection synced   done
#32   completed     -               04:44:59   3d8h    3d8h       -     #33    project projection synced   done
#35   completed     -               05:02:39   3d8h    3d8h       -     #37    project projection synced   done
#36   completed     -               05:02:45   3d8h    3d8h       -     #38    project projection synced   done
#39   completed     -               07:11:06   3d6h    3d6h       -     #44    project projection synced   done
#40   completed     -               07:11:12   3d6h    3d6h       -     #46    project projection synced   done
#41   completed     -               07:11:17   3d5h    3d5h       -     #48    project projection synced   done
#42   completed     -               07:11:23   3d5h    3d5h       -     #47    project projection synced   done
#43   completed     -               07:11:28   3d5h    3d5h       -     #49    project projection synced   done
#53   completed     -               10:22:27   1d2h    1d2h       -     #54    project projection synced   done
#55   completed     -               11:36:15   1d1h    1d1h       -     #56    project projection synced   done
#57   completed     -               00:38:52   12h32m  12h32m     -     #60    project projection synced   done
#58   completed     -               00:38:58   12h32m  12h32m     -     #61    project projection synced   done
#59   completed     -               00:39:04   12h32m  12h32m     -     #62    project projection synced   done
#63   completed     -               11:01:53   2h9m    2h9m       -     #64    project projection synced   done
#65   completed     -               12:23:19   47m     47m        -     #66    project projection synced   done
13:11:21  watch cycle 107 started
13:11:21  [CYCLE] active=0 started=0 history=0
13:11:26  watch cycle 108 started
13:11:31  watch cycle 108 running 5s
13:11:36  watch cycle 108 running 10s
fetch failed
13:11:41  watch cycle 108 running 15s
13:11:46  watch cycle 108 running 20s
13:11:51  watch cycle 108 running 25s
13:11:56  watch cycle 108 running 30s
13:12:01  watch cycle 108 running 35s
13:12:06  watch cycle 108 running 40s
13:12:11  watch cycle 108 running 45s
13:12:16  watch cycle 108 running 50s
13:12:21  watch cycle 108 running 55s
13:12:26  watch cycle 108 running 1m0s
13:12:31  watch cycle 108 running 1m5s
13:12:36  watch cycle 108 running 1m10s
13:12:41  watch cycle 108 running 1m15s
13:12:46  watch cycle 108 running 1m20s
13:12:51  watch cycle 108 running 1m25s
13:12:56  watch cycle 108 running 1m30s
13:13:01  watch cycle 108 running 1m35s
13:13:06  watch cycle 108 running 1m40s
13:13:11  watch cycle 108 running 1m45s
13:13:16  watch cycle 108 running 1m50s
13:13:21  watch cycle 108 running 1m55s
13:13:26  watch cycle 108 running 2m0s
13:13:31  watch cycle 108 running 2m5s
13:13:36  watch cycle 108 running 2m10s
13:13:41  watch cycle 108 running 2m15s
13:13:46  watch cycle 108 running 2m20s
13:13:51  watch cycle 108 running 2m25s
13:13:56  watch cycle 108 running 2m30s
13:14:01  watch cycle 108 running 2m35s
13:14:06  watch cycle 108 running 2m40s
13:14:11  watch cycle 108 running 2m45s
13:14:16  watch cycle 108 running 2m50s
13:14:21  watch cycle 108 running 2m55s
13:14:26  watch cycle 108 running 3m0s
13:14:31  watch cycle 108 running 3m5s
13:14:36  watch cycle 108 running 3m10s
13:14:41  watch cycle 108 running 3m15s
13:14:46  watch cycle 108 running 3m20s
13:14:51  watch cycle 108 running 3m25s
13:14:56  watch cycle 108 running 3m30s
13:15:01  watch cycle 108 running 3m35s
13:15:06  watch cycle 108 running 3m40s
13:15:11  watch cycle 108 running 3m45s
13:15:16  watch cycle 108 running 3m50s
13:15:21  watch cycle 108 running 3m55s
13:15:26  watch cycle 108 running 4m0s
13:15:31  watch cycle 108 running 4m5s
13:15:36  watch cycle 108 running 4m10s
13:15:41  watch cycle 108 running 4m15s
13:15:46  watch cycle 108 running 4m20s
13:15:51  watch cycle 108 running 4m25s
13:15:56  watch cycle 108 running 4m30s
13:16:01  watch cycle 108 running 4m35s
13:16:06  watch cycle 108 running 4m40s
13:16:11  watch cycle 108 running 4m45s
13:16:16  watch cycle 108 running 4m50s
13:16:21  watch cycle 108 running 4m55s
13:16:26  watch cycle 108 running 5m0s
13:16:31  watch cycle 108 running 5m5s
13:16:36  watch cycle 108 running 5m10s
13:16:41  watch cycle 108 running 5m15s
13:16:47  watch cycle 108 running 5m20s
13:16:52  watch cycle 108 running 5m25s
13:16:57  watch cycle 108 running 5m30s
13:17:02  watch cycle 108 running 5m35s
13:17:07  watch cycle 108 running 5m40s
13:17:12  watch cycle 108 running 5m45s
13:17:17  watch cycle 108 running 5m50s
13:17:22  watch cycle 108 running 5m55s
13:17:27  watch cycle 108 running 6m0s
13:17:32  watch cycle 108 running 6m5s
13:17:37  watch cycle 108 running 6m10s
13:17:42  watch cycle 108 running 6m15s
13:17:47  watch cycle 108 running 6m20s
13:17:52  watch cycle 108 running 6m25s
13:17:57  watch cycle 108 running 6m30s
13:18:02  watch cycle 108 running 6m35s
13:18:07  watch cycle 108 running 6m40s
13:18:12  watch cycle 108 running 6m45s
13:18:17  watch cycle 108 running 6m50s
13:18:22  watch cycle 108 running 6m55s
13:18:27  watch cycle 108 running 7m0s
13:18:32  watch cycle 108 running 7m5s
13:18:37  watch cycle 108 running 7m10s
13:18:42  watch cycle 108 running 7m15s
13:18:47  watch cycle 108 running 7m20s
13:18:52  watch cycle 108 running 7m25s
13:18:57  watch cycle 108 running 7m30s
13:19:02  watch cycle 108 running 7m35s
13:19:07  watch cycle 108 running 7m40s
13:19:12  watch cycle 108 running 7m45s
13:19:17  watch cycle 108 running 7m50s
13:19:22  watch cycle 108 running 7m55s
13:19:27  watch cycle 108 running 8m0s
13:19:32  watch cycle 108 running 8m5s
13:19:37  watch cycle 108 running 8m10s
13:19:42  watch cycle 108 running 8m15s
13:19:47  watch cycle 108 running 8m20s
13:19:52  watch cycle 108 running 8m25s
13:19:57  watch cycle 108 running 8m30s
13:20:02  watch cycle 108 running 8m35s
13:20:07  watch cycle 108 running 8m40s
13:20:12  watch cycle 108 running 8m45s
13:20:17  watch cycle 108 running 8m50s
13:20:22  watch cycle 108 running 8m55s
13:20:27  watch cycle 108 running 9m0s
13:20:32  watch cycle 108 running 9m5s
13:20:37  watch cycle 108 running 9m10s
13:20:42  watch cycle 108 running 9m15s
13:20:47  watch cycle 108 running 9m20s
13:20:52  watch cycle 108 running 9m25s
13:20:57  watch cycle 108 running 9m30s
13:21:02  watch cycle 108 running 9m35s
13:21:07  watch cycle 108 running 9m40s
13:21:12  watch cycle 108 running 9m45s
13:21:17  watch cycle 108 running 9m50s
13:21:22  watch cycle 108 running 9m55s
13:21:27  watch cycle 108 running 10m0s
13:21:32  watch cycle 108 running 10m5s
13:21:37  watch cycle 108 running 10m10s
13:21:42  watch cycle 108 running 10m15s
13:21:47  watch cycle 108 running 10m20s
13:21:52  watch cycle 108 running 10m25s
13:21:57  watch cycle 108 running 10m30s
13:22:02  watch cycle 108 running 10m35s
13:22:07  watch cycle 108 running 10m40s
13:22:12  watch cycle 108 running 10m45s
13:22:17  watch cycle 108 running 10m50s
13:22:22  watch cycle 108 running 10m55s
13:22:27  watch cycle 108 running 11m0s
13:22:32  watch cycle 108 running 11m5s
13:22:37  watch cycle 108 running 11m10s
13:22:42  watch cycle 108 running 11m15s
13:22:47  watch cycle 108 running 11m20s
13:22:52  watch cycle 108 running 11m25s
13:22:57  watch cycle 108 running 11m30s
13:23:02  watch cycle 108 running 11m35s
13:23:07  watch cycle 108 running 11m40s
13:23:12  watch cycle 108 running 11m45s
13:23:17  watch cycle 108 running 11m50s
13:23:22  watch cycle 108 running 11m55s
13:23:27  watch cycle 108 running 12m0s
13:23:32  watch cycle 108 running 12m5s
13:23:37  watch cycle 108 running 12m10s
13:23:42  watch cycle 108 running 12m15s
13:23:47  watch cycle 108 running 12m20s
13:23:52  watch cycle 108 running 12m25s
13:23:57  watch cycle 108 running 12m30s
13:24:02  watch cycle 108 running 12m35s
13:24:07  watch cycle 108 running 12m40s
13:24:12  watch cycle 108 running 12m45s
13:24:17  watch cycle 108 running 12m50s
13:24:22  watch cycle 108 running 12m55s
13:24:27  watch cycle 108 running 13m0s
13:24:32  watch cycle 108 running 13m5s
13:24:37  watch cycle 108 running 13m10s
13:24:42  watch cycle 108 running 13m15s
13:24:47  watch cycle 108 running 13m20s
13:24:52  watch cycle 108 running 13m25s
13:24:57  watch cycle 108 running 13m30s
13:25:02  watch cycle 108 running 13m35s
13:25:07  watch cycle 108 running 13m40s
13:25:12  watch cycle 108 running 13m45s
13:25:17  watch cycle 108 running 13m50s
13:25:22  watch cycle 108 running 13m55s
13:25:27  watch cycle 108 running 14m0s
13:25:32  watch cycle 108 running 14m5s
13:25:37  watch cycle 108 running 14m10s
13:25:42  watch cycle 108 running 14m15s
13:25:47  watch cycle 108 running 14m20s
13:25:52  watch cycle 108 running 14m25s
13:25:57  watch cycle 108 running 14m30s
13:26:02  watch cycle 108 running 14m35s
13:26:07  watch cycle 108 running 14m40s
13:26:12  watch cycle 108 running 14m45s
13:26:17  watch cycle 108 running 14m50s
13:26:22  watch cycle 108 running 14m55s
13:26:27  watch cycle 108 running 15m0s
13:26:32  watch cycle 108 running 15m5s
13:26:37  watch cycle 108 running 15m10s
13:26:42  watch cycle 108 running 15m15s
13:26:47  watch cycle 108 running 15m20s
13:26:52  watch cycle 108 running 15m25s
13:26:57  watch cycle 108 running 15m30s
13:27:02  watch cycle 108 running 15m35s
13:27:07  watch cycle 108 running 15m40s
13:27:12  watch cycle 108 running 15m45s
13:27:17  watch cycle 108 running 15m50s
13:27:22  watch cycle 108 running 15m55s
13:27:27  watch cycle 108 running 16m0s
13:27:32  watch cycle 108 running 16m5s
13:27:37  watch cycle 108 running 16m10s
13:27:42  watch cycle 108 running 16m15s
13:27:47  watch cycle 108 running 16m20s
13:27:52  watch cycle 108 running 16m25s
13:27:57  watch cycle 108 running 16m31s
13:28:02  watch cycle 108 running 16m36s
13:28:07  watch cycle 108 running 16m41s
13:28:12  watch cycle 108 running 16m46s
13:28:17  watch cycle 108 running 16m51s
13:28:22  watch cycle 108 running 16m56s
13:28:27  watch cycle 108 running 17m1s
13:28:32  watch cycle 108 running 17m6s
13:28:37  watch cycle 108 running 17m11s
13:28:42  watch cycle 108 running 17m16s
13:28:47  watch cycle 108 running 17m21s
13:28:52  watch cycle 108 running 17m26s
13:28:57  watch cycle 108 running 17m31s
13:29:02  watch cycle 108 running 17m36s
13:29:07  watch cycle 108 running 17m41s
13:29:12  watch cycle 108 running 17m46s
13:29:17  watch cycle 108 running 17m51s
13:29:22  watch cycle 108 running 17m56s
13:29:27  watch cycle 108 running 18m1s
13:29:32  watch cycle 108 running 18m6s
13:29:37  watch cycle 108 running 18m11s
13:29:42  watch cycle 108 running 18m16s
13:29:47  watch cycle 108 running 18m21s
13:29:52  watch cycle 108 running 18m26s
13:29:57  watch cycle 108 running 18m31s
13:30:02  watch cycle 108 running 18m36s
13:30:07  watch cycle 108 running 18m41s
13:30:12  watch cycle 108 running 18m46s
13:30:17  watch cycle 108 running 18m51s
13:30:22  watch cycle 108 running 18m56s
13:30:27  watch cycle 108 running 19m1s
13:30:32  watch cycle 108 running 19m6s
13:30:37  watch cycle 108 running 19m11s
13:30:42  watch cycle 108 running 19m16s
13:30:47  watch cycle 108 running 19m21s
13:30:52  watch cycle 108 running 19m26s
13:30:57  watch cycle 108 running 19m31s
13:31:02  watch cycle 108 running 19m36s
13:31:07  watch cycle 108 running 19m41s
13:31:12  watch cycle 108 running 19m46s
13:31:17  watch cycle 108 running 19m51s
13:31:22  watch cycle 108 running 19m56s
13:31:27  watch cycle 108 running 20m1s
13:31:32  watch cycle 108 running 20m6s
13:31:37  watch cycle 108 running 20m11s
13:31:42  watch cycle 108 running 20m16s
13:31:47  watch cycle 108 running 20m21s
13:31:52  watch cycle 108 running 20m26s
13:31:57  watch cycle 108 running 20m31s
13:32:02  watch cycle 108 running 20m36s
13:32:07  watch cycle 108 running 20m41s
13:32:12  watch cycle 108 running 20m46s
13:32:17  watch cycle 108 running 20m51s
13:32:22  watch cycle 108 running 20m56s
13:32:27  watch cycle 108 running 21m1s
13:32:32  watch cycle 108 running 21m6s
13:32:37  watch cycle 108 running 21m11s
13:32:42  watch cycle 108 running 21m16s
13:32:47  watch cycle 108 running 21m21s
13:32:52  watch cycle 108 running 21m26s
13:32:58  watch cycle 108 running 21m31s
13:33:03  watch cycle 108 running 21m36s
13:33:08  watch cycle 108 running 21m41s
13:33:13  watch cycle 108 running 21m46s
13:33:18  watch cycle 108 running 21m51s
13:33:23  watch cycle 108 running 21m56s
13:33:28  watch cycle 108 running 22m1s
13:33:33  watch cycle 108 running 22m6s
13:33:38  watch cycle 108 running 22m11s
13:33:43  watch cycle 108 running 22m16s
13:33:48  watch cycle 108 running 22m21s
13:33:53  watch cycle 108 running 22m26s
13:33:58  watch cycle 108 running 22m31s
13:34:03  watch cycle 108 running 22m36s
13:34:08  watch cycle 108 running 22m41s
13:34:13  watch cycle 108 running 22m46s
13:34:18  watch cycle 108 running 22m51s
13:34:23  watch cycle 108 running 22m56s
13:34:28  watch cycle 108 running 23m1s
13:34:33  watch cycle 108 running 23m6s
13:34:38  watch cycle 108 running 23m11s
13:34:43  watch cycle 108 running 23m16s
13:34:48  watch cycle 108 running 23m21s
13:34:53  watch cycle 108 running 23m26s
13:34:58  watch cycle 108 running 23m31s
13:35:03  watch cycle 108 running 23m36s
13:35:08  watch cycle 108 running 23m41s
13:35:13  watch cycle 108 running 23m46s
13:35:18  watch cycle 108 running 23m51s
13:35:23  watch cycle 108 running 23m56s
13:35:28  watch cycle 108 running 24m1s
13:35:33  watch cycle 108 running 24m6s
13:35:38  watch cycle 108 running 24m11s
13:35:43  watch cycle 108 running 24m16s
13:35:48  watch cycle 108 running 24m21s
13:35:53  watch cycle 108 running 24m26s
13:35:58  watch cycle 108 running 24m31s
13:36:03  watch cycle 108 running 24m36s
13:36:08  watch cycle 108 running 24m41s
13:36:13  watch cycle 108 running 24m46s
13:36:18  watch cycle 108 running 24m51s
13:36:23  watch cycle 108 running 24m56s
13:36:28  watch cycle 108 running 25m1s
13:36:33  watch cycle 108 running 25m6s
13:36:38  watch cycle 108 running 25m11s
13:36:43  watch cycle 108 running 25m16s
13:36:48  watch cycle 108 running 25m21s
13:36:53  watch cycle 108 running 25m26s
13:36:58  watch cycle 108 running 25m31s
13:37:03  watch cycle 108 running 25m36s
13:37:08  watch cycle 108 running 25m41s
13:37:13  watch cycle 108 running 25m46s
13:37:18  watch cycle 108 running 25m51s
13:37:23  watch cycle 108 running 25m56s
13:37:28  watch cycle 108 running 26m1s
13:37:33  watch cycle 108 running 26m6s
13:37:38  watch cycle 108 running 26m11s
13:37:43  watch cycle 108 running 26m16s
13:37:48  watch cycle 108 running 26m21s
13:37:53  watch cycle 108 running 26m26s
13:37:58  watch cycle 108 running 26m31s
13:38:03  watch cycle 108 running 26m36s
13:38:08  watch cycle 108 running 26m41s
13:38:13  watch cycle 108 running 26m46s
13:38:18  watch cycle 108 running 26m51s
13:38:23  watch cycle 108 running 26m56s
13:38:28  watch cycle 108 running 27m1s
13:38:33  watch cycle 108 running 27m6s
13:38:38  watch cycle 108 running 27m11s
13:38:43  watch cycle 108 running 27m16s
13:38:48  watch cycle 108 running 27m21s
13:38:53  watch cycle 108 running 27m26s
13:38:58  watch cycle 108 running 27m31s
13:39:03  watch cycle 108 running 27m36s
13:39:08  watch cycle 108 running 27m41s
13:39:13  watch cycle 108 running 27m46s
13:39:18  watch cycle 108 running 27m51s
13:39:23  watch cycle 108 running 27m56s
13:39:28  watch cycle 108 running 28m1s
13:39:33  watch cycle 108 running 28m6s
13:39:38  watch cycle 108 running 28m11s
13:39:43  watch cycle 108 running 28m16s
13:39:48  watch cycle 108 running 28m21s
13:39:53  watch cycle 108 running 28m26s
13:39:58  watch cycle 108 running 28m31s
13:40:03  watch cycle 108 running 28m36s
13:40:08  watch cycle 108 running 28m41s
13:40:13  watch cycle 108 running 28m46s
13:40:18  watch cycle 108 running 28m51s
13:40:23  watch cycle 108 running 28m56s
13:40:28  watch cycle 108 running 29m1s
13:40:33  watch cycle 108 running 29m6s
13:40:38  watch cycle 108 running 29m11s
13:40:43  watch cycle 108 running 29m16s
13:40:48  watch cycle 108 running 29m21s
13:40:53  watch cycle 108 running 29m26s
13:40:58  watch cycle 108 running 29m31s
13:41:03  watch cycle 108 running 29m36s
13:41:08  watch cycle 108 running 29m41s
13:41:13  watch cycle 108 running 29m46s
13:41:18  watch cycle 108 running 29m51s
13:41:23  watch cycle 108 running 29m56s
13:41:28  watch cycle 108 running 30m1s
13:41:33  watch cycle 108 running 30m6s
13:41:38  watch cycle 108 running 30m11s
13:41:43  watch cycle 108 running 30m16s
13:41:48  watch cycle 108 running 30m21s
13:41:53  watch cycle 108 running 30m26s
13:41:58  watch cycle 108 running 30m31s
13:42:03  watch cycle 108 running 30m36s
13:42:08  watch cycle 108 running 30m41s
13:42:13  watch cycle 108 running 30m46s
13:42:18  watch cycle 108 running 30m51s
13:42:23  watch cycle 108 running 30m56s
13:42:28  watch cycle 108 running 31m1s
13:42:33  watch cycle 108 running 31m6s
13:42:38  watch cycle 108 running 31m11s
13:42:43  watch cycle 108 running 31m16s
13:42:48  watch cycle 108 running 31m21s
13:42:53  watch cycle 108 running 31m26s
13:42:58  watch cycle 108 running 31m31s
13:43:03  watch cycle 108 running 31m36s
13:43:08  watch cycle 108 running 31m41s
13:43:13  watch cycle 108 running 31m46s
13:43:18  watch cycle 108 running 31m51s
13:43:23  watch cycle 108 running 31m56s
13:43:28  watch cycle 108 running 32m1s
13:43:33  watch cycle 108 running 32m6s
13:43:38  watch cycle 108 running 32m11s
13:43:43  watch cycle 108 running 32m16s
13:43:48  watch cycle 108 running 32m21s
13:43:53  watch cycle 108 running 32m26s
13:43:58  watch cycle 108 running 32m31s
13:44:03  watch cycle 108 running 32m36s
13:44:08  watch cycle 108 running 32m41s
13:44:13  watch cycle 108 running 32m46s
13:44:18  watch cycle 108 running 32m51s
13:44:23  watch cycle 108 running 32m57s
13:44:28  watch cycle 108 running 33m2s
13:44:33  watch cycle 108 running 33m7s
13:44:38  watch cycle 108 running 33m12s
13:44:43  watch cycle 108 running 33m17s
13:44:48  watch cycle 108 running 33m22s
13:44:53  watch cycle 108 running 33m27s
13:44:58  watch cycle 108 running 33m32s
13:45:03  watch cycle 108 running 33m37s
13:45:08  watch cycle 108 running 33m42s
13:45:13  watch cycle 108 running 33m47s
13:45:18  watch cycle 108 running 33m52s
13:45:23  watch cycle 108 running 33m57s
13:45:28  watch cycle 108 running 34m2s
13:45:33  watch cycle 108 running 34m7s
13:45:38  watch cycle 108 running 34m12s
13:45:43  watch cycle 108 running 34m17s
13:45:48  watch cycle 108 running 34m22s
13:45:53  watch cycle 108 running 34m27s
13:45:58  watch cycle 108 running 34m32s
13:46:03  watch cycle 108 running 34m37s
13:46:08  watch cycle 108 running 34m42s
13:46:13  watch cycle 108 running 34m47s
13:46:18  watch cycle 108 running 34m52s
13:46:23  watch cycle 108 running 34m57s
13:46:28  watch cycle 108 running 35m2s
13:46:33  watch cycle 108 running 35m7s
13:46:38  watch cycle 108 running 35m12s
13:46:43  watch cycle 108 running 35m17s
13:46:48  watch cycle 108 running 35m22s
13:46:53  watch cycle 108 running 35m27s
13:46:58  watch cycle 108 running 35m32s
13:47:03  watch cycle 108 running 35m37s
13:47:08  watch cycle 108 running 35m42s
13:47:13  watch cycle 108 running 35m47s
13:47:18  watch cycle 108 running 35m52s
13:47:23  watch cycle 108 running 35m57s
13:47:28  watch cycle 108 running 36m2s
13:47:33  watch cycle 108 running 36m7s
13:47:38  watch cycle 108 running 36m12s
13:47:43  watch cycle 108 running 36m17s
13:47:48  watch cycle 108 running 36m22s
13:47:53  watch cycle 108 running 36m27s
13:47:58  watch cycle 108 running 36m32s
13:48:03  watch cycle 108 running 36m37s
13:48:08  watch cycle 108 running 36m42s
13:48:13  watch cycle 108 running 36m47s
13:48:18  watch cycle 108 running 36m52s
13:48:23  watch cycle 108 running 36m57s
13:48:28  watch cycle 108 running 37m2s
13:48:33  watch cycle 108 running 37m7s
13:48:38  watch cycle 108 running 37m12s
13:48:43  watch cycle 108 running 37m17s
13:48:48  watch cycle 108 running 37m22s
13:48:53  watch cycle 108 running 37m27s
13:48:58  watch cycle 108 running 37m32s
13:49:03  watch cycle 108 running 37m37s
13:49:08  watch cycle 108 running 37m42s
13:49:13  watch cycle 108 running 37m47s
13:49:19  watch cycle 108 running 37m52s
13:49:24  watch cycle 108 running 37m57s
13:49:29  watch cycle 108 running 38m2s
13:49:34  watch cycle 108 running 38m7s
13:49:39  watch cycle 108 running 38m12s
13:49:44  watch cycle 108 running 38m17s
13:49:49  watch cycle 108 running 38m22s
13:49:54  watch cycle 108 running 38m27s
13:49:59  watch cycle 108 running 38m32s
13:50:04  watch cycle 108 running 38m37s
13:50:09  watch cycle 108 running 38m42s
13:50:14  watch cycle 108 running 38m47s
13:50:19  watch cycle 108 running 38m52s
13:50:24  watch cycle 108 running 38m57s
13:50:29  watch cycle 108 running 39m2s
13:50:34  watch cycle 108 running 39m7s
13:50:39  watch cycle 108 running 39m12s
13:50:44  watch cycle 108 running 39m17s
13:50:49  watch cycle 108 running 39m22s
13:50:54  watch cycle 108 running 39m27s
13:50:59  watch cycle 108 running 39m32s
13:51:04  watch cycle 108 running 39m37s
13:51:09  watch cycle 108 running 39m42s
13:51:14  watch cycle 108 running 39m47s
13:51:19  watch cycle 108 running 39m52s
13:51:24  watch cycle 108 running 39m57s
13:51:29  watch cycle 108 running 40m2s
13:51:34  watch cycle 108 running 40m7s
13:51:39  watch cycle 108 running 40m12s
13:51:44  watch cycle 108 running 40m17s
13:51:49  watch cycle 108 running 40m22s
13:51:54  watch cycle 108 running 40m27s
13:51:59  watch cycle 108 running 40m32s
13:52:04  watch cycle 108 running 40m37s
13:52:09  watch cycle 108 running 40m42s
13:52:14  watch cycle 108 running 40m47s
13:52:19  watch cycle 108 running 40m52s
13:52:24  watch cycle 108 running 40m57s
13:52:29  watch cycle 108 running 41m2s
13:52:34  watch cycle 108 running 41m7s
13:52:39  watch cycle 108 running 41m12s
13:52:44  watch cycle 108 running 41m17s
13:52:49  watch cycle 108 running 41m22s
13:52:54  watch cycle 108 running 41m27s
13:52:59  watch cycle 108 running 41m32s
13:53:04  watch cycle 108 running 41m37s
13:53:09  watch cycle 108 running 41m42s
13:53:14  watch cycle 108 running 41m47s
13:53:19  watch cycle 108 running 41m52s
13:53:24  watch cycle 108 running 41m57s
13:53:29  watch cycle 108 running 42m2s
13:53:34  watch cycle 108 running 42m7s
13:53:39  watch cycle 108 running 42m12s
13:53:44  watch cycle 108 running 42m17s
13:53:49  watch cycle 108 running 42m22s
13:53:54  watch cycle 108 running 42m27s
13:53:59  watch cycle 108 running 42m32s
13:54:04  watch cycle 108 running 42m37s
13:54:09  watch cycle 108 running 42m42s
13:54:14  watch cycle 108 running 42m47s
13:54:19  watch cycle 108 running 42m52s
13:54:24  watch cycle 108 running 42m57s
13:54:29  watch cycle 108 running 43m2s
13:54:34  watch cycle 108 running 43m7s
13:54:39  watch cycle 108 running 43m12s
13:54:44  watch cycle 108 running 43m17s
13:54:49  watch cycle 108 running 43m22s
13:54:54  watch cycle 108 running 43m27s
13:54:59  watch cycle 108 running 43m32s
13:55:04  watch cycle 108 running 43m37s
13:55:09  watch cycle 108 running 43m42s
13:55:14  watch cycle 108 running 43m47s
13:55:19  watch cycle 108 running 43m52s
13:55:24  watch cycle 108 running 43m57s
13:55:29  watch cycle 108 running 44m2s
13:55:34  watch cycle 108 running 44m7s
13:55:39  watch cycle 108 running 44m12s
13:55:44  watch cycle 108 running 44m17s
13:55:49  watch cycle 108 running 44m22s
13:55:54  watch cycle 108 running 44m27s
13:55:59  watch cycle 108 running 44m32s
13:56:04  watch cycle 108 running 44m37s
13:56:09  watch cycle 108 running 44m42s
13:56:14  watch cycle 108 running 44m47s
13:56:19  watch cycle 108 running 44m52s
13:56:24  watch cycle 108 running 44m57s
13:56:29  watch cycle 108 running 45m2s
13:56:34  watch cycle 108 running 45m7s
13:56:39  watch cycle 108 running 45m12s
13:56:44  watch cycle 108 running 45m17s
13:56:49  watch cycle 108 running 45m22s
13:56:54  watch cycle 108 running 45m27s
13:56:59  watch cycle 108 running 45m32s
13:57:04  watch cycle 108 running 45m37s
13:57:09  watch cycle 108 running 45m42s
13:57:14  watch cycle 108 running 45m47s
13:57:19  watch cycle 108 running 45m52s
13:57:24  watch cycle 108 running 45m57s
13:57:29  watch cycle 108 running 46m2s
13:57:34  watch cycle 108 running 46m7s
13:57:39  watch cycle 108 running 46m12s
13:57:44  watch cycle 108 running 46m17s
13:57:49  watch cycle 108 running 46m22s
13:57:54  watch cycle 108 running 46m27s
13:57:59  watch cycle 108 running 46m32s
13:58:04  watch cycle 108 running 46m37s
13:58:09  watch cycle 108 running 46m42s
13:58:14  watch cycle 108 running 46m47s
13:58:19  watch cycle 108 running 46m52s
13:58:24  watch cycle 108 running 46m57s
13:58:29  watch cycle 108 running 47m2s
13:58:34  watch cycle 108 running 47m7s
13:58:39  watch cycle 108 running 47m12s
13:58:44  watch cycle 108 running 47m17s
13:58:49  watch cycle 108 running 47m22s
13:58:54  watch cycle 108 running 47m27s
13:58:59  watch cycle 108 running 47m32s
13:59:04  watch cycle 108 running 47m37s
13:59:09  watch cycle 108 running 47m42s
13:59:14  watch cycle 108 running 47m47s
13:59:19  watch cycle 108 running 47m52s
13:59:24  watch cycle 108 running 47m57s
13:59:29  watch cycle 108 running 48m2s
13:59:34  watch cycle 108 running 48m7s
13:59:39  watch cycle 108 running 48m12s
13:59:44  watch cycle 108 running 48m17s
13:59:49  watch cycle 108 running 48m22s
13:59:54  watch cycle 108 running 48m27s
13:59:59  watch cycle 108 running 48m32s
14:00:04  watch cycle 108 running 48m37s
14:00:09  watch cycle 108 running 48m42s
14:00:14  watch cycle 108 running 48m47s
14:00:19  watch cycle 108 running 48m52s
14:00:24  watch cycle 108 running 48m57s
14:00:29  watch cycle 108 running 49m2s
14:00:34  watch cycle 108 running 49m7s
14:00:39  watch cycle 108 running 49m12s
14:00:44  watch cycle 108 running 49m17s
14:00:49  watch cycle 108 running 49m23s
14:00:54  watch cycle 108 running 49m28s
14:00:59  watch cycle 108 running 49m33s
14:01:04  watch cycle 108 running 49m38s
14:01:09  watch cycle 108 running 49m43s
14:01:14  watch cycle 108 running 49m48s
14:01:19  watch cycle 108 running 49m53s
14:01:24  watch cycle 108 running 49m58s
14:01:29  watch cycle 108 running 50m3s
14:01:34  watch cycle 108 running 50m8s
14:01:39  watch cycle 108 running 50m13s
14:01:44  watch cycle 108 running 50m18s
14:01:49  watch cycle 108 running 50m23s
14:01:54  watch cycle 108 running 50m28s
14:01:59  watch cycle 108 running 50m33s
14:02:04  watch cycle 108 running 50m38s
14:02:09  watch cycle 108 running 50m43s
14:02:14  watch cycle 108 running 50m48s
14:02:19  watch cycle 108 running 50m53s
14:02:24  watch cycle 108 running 50m58s
14:02:29  watch cycle 108 running 51m3s
14:02:34  watch cycle 108 running 51m8s
14:02:39  watch cycle 108 running 51m13s
14:02:44  watch cycle 108 running 51m18s
14:02:49  watch cycle 108 running 51m23s
14:02:54  watch cycle 108 running 51m28s
14:02:59  watch cycle 108 running 51m33s
14:03:04  watch cycle 108 running 51m38s
14:03:09  watch cycle 108 running 51m43s
14:03:14  watch cycle 108 running 51m48s
14:03:19  watch cycle 108 running 51m53s
14:03:24  watch cycle 108 running 51m58s
14:03:29  watch cycle 108 running 52m3s
14:03:34  watch cycle 108 running 52m8s
14:03:39  watch cycle 108 running 52m13s
14:03:44  watch cycle 108 running 52m18s
14:03:49  watch cycle 108 running 52m23s
14:03:54  watch cycle 108 running 52m28s
14:03:59  watch cycle 108 running 52m33s
14:04:04  watch cycle 108 running 52m38s
14:04:09  watch cycle 108 running 52m43s
14:04:14  watch cycle 108 running 52m48s
14:04:19  watch cycle 108 running 52m53s
14:04:24  watch cycle 108 running 52m58s
14:04:29  watch cycle 108 running 53m3s
14:04:34  watch cycle 108 running 53m8s
14:04:39  watch cycle 108 running 53m13s
14:04:44  watch cycle 108 running 53m18s
14:04:49  watch cycle 108 running 53m23s
14:04:54  watch cycle 108 running 53m28s
14:04:59  watch cycle 108 running 53m33s
14:05:04  watch cycle 108 running 53m38s
14:05:09  watch cycle 108 running 53m43s
14:05:14  watch cycle 108 running 53m48s
14:05:19  watch cycle 108 running 53m53s
14:05:24  watch cycle 108 running 53m58s
14:05:29  watch cycle 108 running 54m3s
14:05:34  watch cycle 108 running 54m8s
14:05:40  watch cycle 108 running 54m13s
14:05:45  watch cycle 108 running 54m18s
14:05:50  watch cycle 108 running 54m23s
14:05:55  watch cycle 108 running 54m28s
14:06:00  watch cycle 108 running 54m33s
14:06:05  watch cycle 108 running 54m38s
14:06:10  watch cycle 108 running 54m43s
14:06:15  watch cycle 108 running 54m48s
14:06:20  watch cycle 108 running 54m53s
14:06:25  watch cycle 108 running 54m58s
14:06:30  watch cycle 108 running 55m3s
14:06:35  watch cycle 108 running 55m8s
14:06:40  watch cycle 108 running 55m13s
14:06:45  watch cycle 108 running 55m18s
14:06:50  watch cycle 108 running 55m23s
14:06:55  watch cycle 108 running 55m28s
14:07:00  watch cycle 108 running 55m33s
14:07:05  watch cycle 108 running 55m38s
14:07:10  watch cycle 108 running 55m43s
14:07:15  watch cycle 108 running 55m48s
14:07:20  watch cycle 108 running 55m53s
14:07:25  watch cycle 108 running 55m58s
14:07:30  watch cycle 108 running 56m3s
14:07:35  watch cycle 108 running 56m8s
14:07:40  watch cycle 108 running 56m13s
14:07:45  watch cycle 108 running 56m18s
14:07:50  watch cycle 108 running 56m23s
14:07:55  watch cycle 108 running 56m28s
14:08:00  watch cycle 108 running 56m33s
14:08:05  watch cycle 108 running 56m38s
14:08:10  watch cycle 108 running 56m43s
14:08:15  watch cycle 108 running 56m48s
14:08:20  watch cycle 108 running 56m53s
14:08:25  watch cycle 108 running 56m58s
14:08:30  watch cycle 108 running 57m3s
14:08:35  watch cycle 108 running 57m8s
14:08:40  watch cycle 108 running 57m13s
14:08:45  watch cycle 108 running 57m18s
14:08:50  watch cycle 108 running 57m23s
14:08:55  watch cycle 108 running 57m28s
14:09:00  watch cycle 108 running 57m33s
14:09:05  watch cycle 108 running 57m38s
14:09:10  watch cycle 108 running 57m43s
14:09:15  watch cycle 108 running 57m48s
14:09:20  watch cycle 108 running 57m53s
14:09:25  watch cycle 108 running 57m58s
14:09:30  watch cycle 108 running 58m3s
14:09:35  watch cycle 108 running 58m8s
14:09:40  watch cycle 108 running 58m13s
14:09:45  watch cycle 108 running 58m18s
14:09:50  watch cycle 108 running 58m23s
14:09:55  watch cycle 108 running 58m28s
14:10:00  watch cycle 108 running 58m33s
14:10:05  watch cycle 108 running 58m38s
14:10:10  watch cycle 108 running 58m43s
14:10:15  watch cycle 108 running 58m48s
14:10:20  watch cycle 108 running 58m53s
14:10:25  watch cycle 108 running 58m58s
14:10:30  watch cycle 108 running 59m3s
14:10:35  watch cycle 108 running 59m8s
14:10:40  watch cycle 108 running 59m13s
14:10:45  watch cycle 108 running 59m18s
14:10:50  watch cycle 108 running 59m23s
14:10:55  watch cycle 108 running 59m28s
14:11:00  watch cycle 108 running 59m33s
14:11:05  watch cycle 108 running 59m38s
14:11:10  watch cycle 108 running 59m43s
14:11:15  watch cycle 108 running 59m48s
14:11:20  watch cycle 108 running 59m53s
14:11:25  watch cycle 108 running 59m58s
14:11:30  watch cycle 108 running 1h0m
14:11:35  watch cycle 108 running 1h0m
14:11:40  watch cycle 108 running 1h0m
14:11:45  watch cycle 108 running 1h0m
14:11:50  watch cycle 108 running 1h0m
14:11:55  watch cycle 108 running 1h0m
14:12:00  watch cycle 108 running 1h0m
14:12:05  watch cycle 108 running 1h0m
14:12:10  watch cycle 108 running 1h0m
14:12:15  watch cycle 108 running 1h0m
14:12:20  watch cycle 108 running 1h0m
14:12:25  watch cycle 108 running 1h0m
14:12:30  watch cycle 108 running 1h1m
14:12:35  watch cycle 108 running 1h1m
14:12:40  watch cycle 108 running 1h1m
14:12:45  watch cycle 108 running 1h1m
14:12:50  watch cycle 108 running 1h1m
14:12:55  watch cycle 108 running 1h1m
14:13:00  watch cycle 108 running 1h1m
14:13:05  watch cycle 108 running 1h1m
14:13:10  watch cycle 108 running 1h1m
14:13:15  watch cycle 108 running 1h1m
14:13:20  watch cycle 108 running 1h1m
14:13:25  watch cycle 108 running 1h1m
14:13:30  watch cycle 108 running 1h2m
14:13:35  watch cycle 108 running 1h2m
14:13:40  watch cycle 108 running 1h2m
14:13:45  watch cycle 108 running 1h2m
14:13:50  watch cycle 108 running 1h2m
14:13:55  watch cycle 108 running 1h2m
14:14:00  watch cycle 108 running 1h2m
14:14:05  watch cycle 108 running 1h2m
14:14:10  watch cycle 108 running 1h2m
14:14:15  watch cycle 108 running 1h2m
14:14:20  watch cycle 108 running 1h2m
14:14:25  watch cycle 108 running 1h2m
14:14:30  watch cycle 108 running 1h3m
14:14:35  watch cycle 108 running 1h3m
14:14:40  watch cycle 108 running 1h3m
14:14:45  watch cycle 108 running 1h3m
14:14:50  watch cycle 108 running 1h3m
14:14:55  watch cycle 108 running 1h3m
14:15:00  watch cycle 108 running 1h3m
14:15:05  watch cycle 108 running 1h3m
14:15:10  watch cycle 108 running 1h3m
14:15:15  watch cycle 108 running 1h3m
14:15:20  watch cycle 108 running 1h3m
14:15:25  watch cycle 108 running 1h3m
14:15:30  watch cycle 108 running 1h4m
14:15:35  watch cycle 108 running 1h4m
14:15:40  watch cycle 108 running 1h4m
14:15:45  watch cycle 108 running 1h4m
14:15:50  watch cycle 108 running 1h4m
14:15:55  watch cycle 108 running 1h4m
14:16:00  watch cycle 108 running 1h4m
14:16:05  watch cycle 108 running 1h4m
14:16:10  watch cycle 108 running 1h4m
14:16:15  watch cycle 108 running 1h4m
14:16:20  watch cycle 108 running 1h4m
14:16:25  watch cycle 108 running 1h4m
14:16:30  watch cycle 108 running 1h5m
14:16:35  watch cycle 108 running 1h5m
14:16:40  watch cycle 108 running 1h5m
14:16:45  watch cycle 108 running 1h5m
14:16:50  watch cycle 108 running 1h5m
14:16:55  watch cycle 108 running 1h5m
14:17:00  watch cycle 108 running 1h5m
14:17:05  watch cycle 108 running 1h5m
14:17:10  watch cycle 108 running 1h5m
14:17:15  watch cycle 108 running 1h5m
14:17:20  watch cycle 108 running 1h5m
14:17:25  watch cycle 108 running 1h5m
14:17:30  watch cycle 108 running 1h6m
14:17:35  watch cycle 108 running 1h6m
14:17:40  watch cycle 108 running 1h6m
14:17:45  watch cycle 108 running 1h6m
14:17:50  watch cycle 108 running 1h6m
14:17:55  watch cycle 108 running 1h6m
14:18:00  watch cycle 108 running 1h6m
14:18:05  watch cycle 108 running 1h6m
14:18:10  watch cycle 108 running 1h6m
14:18:15  watch cycle 108 running 1h6m
14:18:20  watch cycle 108 running 1h6m
14:18:25  watch cycle 108 running 1h6m
14:18:30  watch cycle 108 running 1h7m
14:18:35  watch cycle 108 running 1h7m
14:18:40  watch cycle 108 running 1h7m
14:18:45  watch cycle 108 running 1h7m
14:18:50  watch cycle 108 running 1h7m
14:18:55  watch cycle 108 running 1h7m
14:19:00  watch cycle 108 running 1h7m
14:19:05  watch cycle 108 running 1h7m
14:19:10  watch cycle 108 running 1h7m
14:19:15  watch cycle 108 running 1h7m
14:19:20  watch cycle 108 running 1h7m
14:19:25  watch cycle 108 running 1h7m
14:19:30  watch cycle 108 running 1h8m
14:19:35  watch cycle 108 running 1h8m
14:19:40  watch cycle 108 running 1h8m
14:19:45  watch cycle 108 running 1h8m
14:19:50  watch cycle 108 running 1h8m
14:19:55  watch cycle 108 running 1h8m
14:20:00  watch cycle 108 running 1h8m
14:20:05  watch cycle 108 running 1h8m
14:20:10  watch cycle 108 running 1h8m
14:20:15  watch cycle 108 running 1h8m
14:20:20  watch cycle 108 running 1h8m
14:20:25  watch cycle 108 running 1h8m
14:20:30  watch cycle 108 running 1h9m
14:20:35  watch cycle 108 running 1h9m
14:20:40  watch cycle 108 running 1h9m
14:20:45  watch cycle 108 running 1h9m
14:20:50  watch cycle 108 running 1h9m
14:20:55  watch cycle 108 running 1h9m
14:21:00  watch cycle 108 running 1h9m
14:21:05  watch cycle 108 running 1h9m
14:21:10  watch cycle 108 running 1h9m
14:21:15  watch cycle 108 running 1h9m
14:21:20  watch cycle 108 running 1h9m
14:21:25  watch cycle 108 running 1h9m
14:21:30  watch cycle 108 running 1h10m
14:21:35  watch cycle 108 running 1h10m
14:21:40  watch cycle 108 running 1h10m
14:21:46  watch cycle 108 running 1h10m
14:21:51  watch cycle 108 running 1h10m
14:21:56  watch cycle 108 running 1h10m
14:22:01  watch cycle 108 running 1h10m
14:22:06  watch cycle 108 running 1h10m
14:22:11  watch cycle 108 running 1h10m
14:22:16  watch cycle 108 running 1h10m
14:22:21  watch cycle 108 running 1h10m
14:22:26  watch cycle 108 running 1h10m
14:22:31  watch cycle 108 running 1h11m
14:22:36  watch cycle 108 running 1h11m
14:22:41  watch cycle 108 running 1h11m
14:22:46  watch cycle 108 running 1h11m
14:22:51  watch cycle 108 running 1h11m
14:22:56  watch cycle 108 running 1h11m
14:23:01  watch cycle 108 running 1h11m
14:23:06  watch cycle 108 running 1h11m
14:23:11  watch cycle 108 running 1h11m
14:23:16  watch cycle 108 running 1h11m
14:23:21  watch cycle 108 running 1h11m
14:23:26  watch cycle 108 running 1h11m
14:23:31  watch cycle 108 running 1h12m
14:23:36  watch cycle 108 running 1h12m
14:23:41  watch cycle 108 running 1h12m
14:23:46  watch cycle 108 running 1h12m
14:23:51  watch cycle 108 running 1h12m
14:23:56  watch cycle 108 running 1h12m
14:24:01  watch cycle 108 running 1h12m
14:24:06  watch cycle 108 running 1h12m
14:24:11  watch cycle 108 running 1h12m
14:24:16  watch cycle 108 running 1h12m
14:24:21  watch cycle 108 running 1h12m
14:24:26  watch cycle 108 running 1h12m
14:24:31  watch cycle 108 running 1h13m
14:24:36  watch cycle 108 running 1h13m
14:24:41  watch cycle 108 running 1h13m
14:24:46  watch cycle 108 running 1h13m
14:24:51  watch cycle 108 running 1h13m
14:24:56  watch cycle 108 running 1h13m
14:25:01  watch cycle 108 running 1h13m
14:25:06  watch cycle 108 running 1h13m
14:25:11  watch cycle 108 running 1h13m
14:25:16  watch cycle 108 running 1h13m
14:25:21  watch cycle 108 running 1h13m
14:25:26  watch cycle 108 running 1h13m
14:25:31  watch cycle 108 running 1h14m
14:25:36  watch cycle 108 running 1h14m
14:25:41  watch cycle 108 running 1h14m
14:25:46  watch cycle 108 running 1h14m
14:25:51  watch cycle 108 running 1h14m
14:25:56  watch cycle 108 running 1h14m
14:26:01  watch cycle 108 running 1h14m
14:26:06  watch cycle 108 running 1h14m
14:26:11  watch cycle 108 running 1h14m
14:26:16  watch cycle 108 running 1h14m
14:26:21  watch cycle 108 running 1h14m
14:26:26  watch cycle 108 running 1h14m
14:26:31  watch cycle 108 running 1h15m
14:26:36  watch cycle 108 running 1h15m
14:26:41  watch cycle 108 running 1h15m
14:26:46  watch cycle 108 running 1h15m
14:26:51  watch cycle 108 running 1h15m
14:26:56  watch cycle 108 running 1h15m
14:27:01  watch cycle 108 running 1h15m
14:27:06  watch cycle 108 running 1h15m
14:27:11  watch cycle 108 running 1h15m
14:27:16  watch cycle 108 running 1h15m
14:27:21  watch cycle 108 running 1h15m
14:27:26  watch cycle 108 running 1h15m
14:27:31  watch cycle 108 running 1h16m
14:27:36  watch cycle 108 running 1h16m
14:27:41  watch cycle 108 running 1h16m
14:27:46  watch cycle 108 running 1h16m
14:27:51  watch cycle 108 running 1h16m
14:27:56  watch cycle 108 running 1h16m
14:28:01  watch cycle 108 running 1h16m
14:28:06  watch cycle 108 running 1h16m
14:28:11  watch cycle 108 running 1h16m
14:28:16  watch cycle 108 running 1h16m
14:28:21  watch cycle 108 running 1h16m
14:28:26  watch cycle 108 running 1h16m
14:28:31  watch cycle 108 running 1h17m
14:28:36  watch cycle 108 running 1h17m
14:28:41  watch cycle 108 running 1h17m
14:28:46  watch cycle 108 running 1h17m
14:28:51  watch cycle 108 running 1h17m
14:28:56  watch cycle 108 running 1h17m
14:29:01  watch cycle 108 running 1h17m
14:29:06  watch cycle 108 running 1h17m
14:29:11  watch cycle 108 running 1h17m
14:29:16  watch cycle 108 running 1h17m
14:29:21  watch cycle 108 running 1h17m
14:29:26  watch cycle 108 running 1h17m
14:29:31  watch cycle 108 running 1h18m
14:29:36  watch cycle 108 running 1h18m
14:29:41  watch cycle 108 running 1h18m
14:29:46  watch cycle 108 running 1h18m
14:29:51  watch cycle 108 running 1h18m
14:29:56  watch cycle 108 running 1h18m
14:30:01  watch cycle 108 running 1h18m
14:30:06  watch cycle 108 running 1h18m
14:30:11  watch cycle 108 running 1h18m
14:30:16  watch cycle 108 running 1h18m
14:30:21  watch cycle 108 running 1h18m
14:30:26  watch cycle 108 running 1h18m
14:30:31  watch cycle 108 running 1h19m
14:30:36  watch cycle 108 running 1h19m
14:30:41  watch cycle 108 running 1h19m
14:30:46  watch cycle 108 running 1h19m
14:30:51  watch cycle 108 running 1h19m
14:30:56  watch cycle 108 running 1h19m
14:31:01  watch cycle 108 running 1h19m
14:31:06  watch cycle 108 running 1h19m
14:31:11  watch cycle 108 running 1h19m
14:31:16  watch cycle 108 running 1h19m
14:31:21  watch cycle 108 running 1h19m
14:31:26  watch cycle 108 running 1h19m
14:31:31  watch cycle 108 running 1h20m
14:31:36  watch cycle 108 running 1h20m
14:31:41  watch cycle 108 running 1h20m
14:31:46  watch cycle 108 running 1h20m
14:31:51  watch cycle 108 running 1h20m
14:31:56  watch cycle 108 running 1h20m
14:32:01  watch cycle 108 running 1h20m
14:32:06  watch cycle 108 running 1h20m
14:32:11  watch cycle 108 running 1h20m
14:32:16  watch cycle 108 running 1h20m
14:32:21  watch cycle 108 running 1h20m
14:32:26  watch cycle 108 running 1h20m
14:32:31  watch cycle 108 running 1h21m
14:32:36  watch cycle 108 running 1h21m
14:32:41  watch cycle 108 running 1h21m
14:32:46  watch cycle 108 running 1h21m
14:32:51  watch cycle 108 running 1h21m
14:32:56  watch cycle 108 running 1h21m
14:33:01  watch cycle 108 running 1h21m
14:33:06  watch cycle 108 running 1h21m
14:33:11  watch cycle 108 running 1h21m
14:33:16  watch cycle 108 running 1h21m
14:33:21  watch cycle 108 running 1h21m
14:33:26  watch cycle 108 running 1h22m
14:33:31  watch cycle 108 running 1h22m
14:33:36  watch cycle 108 running 1h22m
14:33:41  watch cycle 108 running 1h22m
14:33:46  watch cycle 108 running 1h22m
14:33:51  watch cycle 108 running 1h22m
14:33:56  watch cycle 108 running 1h22m
14:34:01  watch cycle 108 running 1h22m
14:34:06  watch cycle 108 running 1h22m
14:34:11  watch cycle 108 running 1h22m
14:34:16  watch cycle 108 running 1h22m
14:34:21  watch cycle 108 running 1h22m
14:34:26  watch cycle 108 running 1h23m
14:34:31  watch cycle 108 running 1h23m
14:34:36  watch cycle 108 running 1h23m
14:34:41  watch cycle 108 running 1h23m
14:34:46  watch cycle 108 running 1h23m
14:34:51  watch cycle 108 running 1h23m
14:34:56  watch cycle 108 running 1h23m
14:35:01  watch cycle 108 running 1h23m
14:35:06  watch cycle 108 running 1h23m
14:35:11  watch cycle 108 running 1h23m
14:35:16  watch cycle 108 running 1h23m
14:35:21  watch cycle 108 running 1h23m
14:35:26  watch cycle 108 running 1h24m
14:35:31  watch cycle 108 running 1h24m
14:35:36  watch cycle 108 running 1h24m
14:35:41  watch cycle 108 running 1h24m
14:35:46  watch cycle 108 running 1h24m
14:35:51  watch cycle 108 running 1h24m
14:35:56  watch cycle 108 running 1h24m
14:36:01  watch cycle 108 running 1h24m
14:36:06  watch cycle 108 running 1h24m
14:36:11  watch cycle 108 running 1h24m
14:36:16  watch cycle 108 running 1h24m
14:36:21  watch cycle 108 running 1h24m
14:36:26  watch cycle 108 running 1h25m
14:36:31  watch cycle 108 running 1h25m
14:36:36  watch cycle 108 running 1h25m
14:36:41  watch cycle 108 running 1h25m
14:36:46  watch cycle 108 running 1h25m
14:36:51  watch cycle 108 running 1h25m
14:36:56  watch cycle 108 running 1h25m
14:37:01  watch cycle 108 running 1h25m
14:37:06  watch cycle 108 running 1h25m
14:37:11  watch cycle 108 running 1h25m
14:37:16  watch cycle 108 running 1h25m
14:37:21  watch cycle 108 running 1h25m
14:37:26  watch cycle 108 running 1h26m
14:37:31  watch cycle 108 running 1h26m
14:37:36  watch cycle 108 running 1h26m
14:37:41  watch cycle 108 running 1h26m
14:37:46  watch cycle 108 running 1h26m
14:37:51  watch cycle 108 running 1h26m
14:37:56  watch cycle 108 running 1h26m
14:38:01  watch cycle 108 running 1h26m
14:38:06  watch cycle 108 running 1h26m
14:38:11  watch cycle 108 running 1h26m
14:38:17  watch cycle 108 running 1h26m
14:38:22  watch cycle 108 running 1h26m
14:38:27  watch cycle 108 running 1h27m
14:38:32  watch cycle 108 running 1h27m
14:38:37  watch cycle 108 running 1h27m
14:38:42  watch cycle 108 running 1h27m
14:38:47  watch cycle 108 running 1h27m
14:38:52  watch cycle 108 running 1h27m
14:38:57  watch cycle 108 running 1h27m
14:39:02  watch cycle 108 running 1h27m
14:39:07  watch cycle 108 running 1h27m
14:39:12  watch cycle 108 running 1h27m
14:39:17  watch cycle 108 running 1h27m
14:39:22  watch cycle 108 running 1h27m
14:39:27  watch cycle 108 running 1h28m
14:39:32  watch cycle 108 running 1h28m
14:39:37  watch cycle 108 running 1h28m
14:39:42  watch cycle 108 running 1h28m
14:39:47  watch cycle 108 running 1h28m
14:39:52  watch cycle 108 running 1h28m
14:39:57  watch cycle 108 running 1h28m
14:40:02  watch cycle 108 running 1h28m
14:40:07  watch cycle 108 running 1h28m
14:40:12  watch cycle 108 running 1h28m
14:40:17  watch cycle 108 running 1h28m
14:40:22  watch cycle 108 running 1h28m
14:40:27  watch cycle 108 running 1h29m
14:40:32  watch cycle 108 running 1h29m
14:40:37  watch cycle 108 running 1h29m
14:40:42  watch cycle 108 running 1h29m
14:40:47  watch cycle 108 running 1h29m
14:40:52  watch cycle 108 running 1h29m
14:40:57  watch cycle 108 running 1h29m
14:41:02  watch cycle 108 running 1h29m
14:41:07  watch cycle 108 running 1h29m
14:41:12  watch cycle 108 running 1h29m
14:41:17  watch cycle 108 running 1h29m
14:41:22  watch cycle 108 running 1h29m
14:41:27  watch cycle 108 running 1h30m
14:41:32  watch cycle 108 running 1h30m
14:41:37  watch cycle 108 running 1h30m
14:41:42  watch cycle 108 running 1h30m
14:41:47  watch cycle 108 running 1h30m
14:41:52  watch cycle 108 running 1h30m
14:41:57  watch cycle 108 running 1h30m
14:42:02  watch cycle 108 running 1h30m
14:42:07  watch cycle 108 running 1h30m
14:42:12  watch cycle 108 running 1h30m
14:42:17  watch cycle 108 running 1h30m
14:42:22  watch cycle 108 running 1h30m
14:42:27  watch cycle 108 running 1h31m
14:42:32  watch cycle 108 running 1h31m
14:42:37  watch cycle 108 running 1h31m
14:42:42  watch cycle 108 running 1h31m
14:42:47  watch cycle 108 running 1h31m
14:42:52  watch cycle 108 running 1h31m
14:42:57  watch cycle 108 running 1h31m
14:43:02  watch cycle 108 running 1h31m
14:43:07  watch cycle 108 running 1h31m
14:43:12  watch cycle 108 running 1h31m
14:43:17  watch cycle 108 running 1h31m
14:43:22  watch cycle 108 running 1h31m
14:43:27  watch cycle 108 running 1h32m
14:43:32  watch cycle 108 running 1h32m
14:43:37  watch cycle 108 running 1h32m
14:43:42  watch cycle 108 running 1h32m
14:43:47  watch cycle 108 running 1h32m
14:43:52  watch cycle 108 running 1h32m
14:43:57  watch cycle 108 running 1h32m
14:44:02  watch cycle 108 running 1h32m
14:44:07  watch cycle 108 running 1h32m
14:44:12  watch cycle 108 running 1h32m
14:44:17  watch cycle 108 running 1h32m
14:44:22  watch cycle 108 running 1h32m
14:44:27  watch cycle 108 running 1h33m
14:44:32  watch cycle 108 running 1h33m
14:44:37  watch cycle 108 running 1h33m
14:44:42  watch cycle 108 running 1h33m
14:44:47  watch cycle 108 running 1h33m
14:44:52  watch cycle 108 running 1h33m
14:44:57  watch cycle 108 running 1h33m
14:45:02  watch cycle 108 running 1h33m
14:45:07  watch cycle 108 running 1h33m
14:45:12  watch cycle 108 running 1h33m
14:45:17  watch cycle 108 running 1h33m
14:45:22  watch cycle 108 running 1h33m
14:45:27  watch cycle 108 running 1h34m
14:45:32  watch cycle 108 running 1h34m
14:45:37  watch cycle 108 running 1h34m
14:45:42  watch cycle 108 running 1h34m
14:45:47  watch cycle 108 running 1h34m
14:45:52  watch cycle 108 running 1h34m
14:45:57  watch cycle 108 running 1h34m
14:46:02  watch cycle 108 running 1h34m
14:46:07  watch cycle 108 running 1h34m
14:46:12  watch cycle 108 running 1h34m
14:46:17  watch cycle 108 running 1h34m
14:46:22  watch cycle 108 running 1h34m
14:46:27  watch cycle 108 running 1h35m
14:46:32  watch cycle 108 running 1h35m
14:46:37  watch cycle 108 running 1h35m
14:46:42  watch cycle 108 running 1h35m
14:46:47  watch cycle 108 running 1h35m
14:46:52  watch cycle 108 running 1h35m
14:46:57  watch cycle 108 running 1h35m
14:47:02  watch cycle 108 running 1h35m
14:47:07  watch cycle 108 running 1h35m
14:47:12  watch cycle 108 running 1h35m
14:47:17  watch cycle 108 running 1h35m
14:47:22  watch cycle 108 running 1h35m
14:47:27  watch cycle 108 running 1h36m
14:47:32  watch cycle 108 running 1h36m
14:47:37  watch cycle 108 running 1h36m
14:47:42  watch cycle 108 running 1h36m
14:47:47  watch cycle 108 running 1h36m
14:47:52  watch cycle 108 running 1h36m
14:47:57  watch cycle 108 running 1h36m
14:48:02  watch cycle 108 running 1h36m
14:48:07  watch cycle 108 running 1h36m
14:48:12  watch cycle 108 running 1h36m
14:48:17  watch cycle 108 running 1h36m
14:48:22  watch cycle 108 running 1h36m
14:48:27  watch cycle 108 running 1h37m
14:48:32  watch cycle 108 running 1h37m
14:48:37  watch cycle 108 running 1h37m
14:48:42  watch cycle 108 running 1h37m
14:48:47  watch cycle 108 running 1h37m
14:48:52  watch cycle 108 running 1h37m
14:48:57  watch cycle 108 running 1h37m
14:49:02  watch cycle 108 running 1h37m
14:49:07  watch cycle 108 running 1h37m
14:49:12  watch cycle 108 running 1h37m
14:49:17  watch cycle 108 running 1h37m
14:49:22  watch cycle 108 running 1h37m
14:49:27  watch cycle 108 running 1h38m
14:49:32  watch cycle 108 running 1h38m
14:49:37  watch cycle 108 running 1h38m
14:49:42  watch cycle 108 running 1h38m
14:49:47  watch cycle 108 running 1h38m
14:49:52  watch cycle 108 running 1h38m
14:49:57  watch cycle 108 running 1h38m
14:50:02  watch cycle 108 running 1h38m
14:50:07  watch cycle 108 running 1h38m
14:50:12  watch cycle 108 running 1h38m
14:50:17  watch cycle 108 running 1h38m
14:50:22  watch cycle 108 running 1h38m
14:50:27  watch cycle 108 running 1h39m
14:50:32  watch cycle 108 running 1h39m
14:50:37  watch cycle 108 running 1h39m
14:50:42  watch cycle 108 running 1h39m
14:50:47  watch cycle 108 running 1h39m
14:50:52  watch cycle 108 running 1h39m
14:50:57  watch cycle 108 running 1h39m
14:51:02  watch cycle 108 running 1h39m
14:51:07  watch cycle 108 running 1h39m
14:51:12  watch cycle 108 running 1h39m
14:51:17  watch cycle 108 running 1h39m
14:51:22  watch cycle 108 running 1h39m
14:51:27  watch cycle 108 running 1h40m
14:51:32  watch cycle 108 running 1h40m
14:51:37  watch cycle 108 running 1h40m
14:51:42  watch cycle 108 running 1h40m
14:51:47  watch cycle 108 running 1h40m
14:51:52  watch cycle 108 running 1h40m
14:51:57  watch cycle 108 running 1h40m
14:52:02  watch cycle 108 running 1h40m
14:52:07  watch cycle 108 running 1h40m
14:52:12  watch cycle 108 running 1h40m
14:52:17  watch cycle 108 running 1h40m
14:52:22  watch cycle 108 running 1h40m
14:52:27  watch cycle 108 running 1h41m
14:52:32  watch cycle 108 running 1h41m
14:52:37  watch cycle 108 running 1h41m
14:52:42  watch cycle 108 running 1h41m
14:52:47  watch cycle 108 running 1h41m
14:52:52  watch cycle 108 running 1h41m
14:52:57  watch cycle 108 running 1h41m
14:53:02  watch cycle 108 running 1h41m
14:53:07  watch cycle 108 running 1h41m
14:53:12  watch cycle 108 running 1h41m
14:53:17  watch cycle 108 running 1h41m
14:53:22  watch cycle 108 running 1h41m
14:53:27  watch cycle 108 running 1h42m
14:53:32  watch cycle 108 running 1h42m
14:53:37  watch cycle 108 running 1h42m
14:53:42  watch cycle 108 running 1h42m
14:53:47  watch cycle 108 running 1h42m
14:53:52  watch cycle 108 running 1h42m
14:53:57  watch cycle 108 running 1h42m
14:54:02  watch cycle 108 running 1h42m
14:54:07  watch cycle 108 running 1h42m
14:54:12  watch cycle 108 running 1h42m
14:54:17  watch cycle 108 running 1h42m
14:54:22  watch cycle 108 running 1h42m
14:54:27  watch cycle 108 running 1h43m
14:54:32  watch cycle 108 running 1h43m
14:54:37  watch cycle 108 running 1h43m
14:54:42  watch cycle 108 running 1h43m
14:54:47  watch cycle 108 running 1h43m
14:54:52  watch cycle 108 running 1h43m
14:54:57  watch cycle 108 running 1h43m
14:55:02  watch cycle 108 running 1h43m
14:55:08  watch cycle 108 running 1h43m
14:55:13  watch cycle 108 running 1h43m
14:55:18  watch cycle 108 running 1h43m
14:55:23  watch cycle 108 running 1h43m
14:55:28  watch cycle 108 running 1h44m
14:55:33  watch cycle 108 running 1h44m
14:55:38  watch cycle 108 running 1h44m
14:55:43  watch cycle 108 running 1h44m
14:55:48  watch cycle 108 running 1h44m
23:56:48  watch cycle 108 running 10h45m
23:56:53  watch cycle 108 running 10h45m
23:56:58  watch cycle 108 running 10h45m
23:57:03  watch cycle 108 running 10h45m
23:57:08  watch cycle 108 running 10h45m
23:57:13  watch cycle 108 running 10h45m
23:57:18  watch cycle 108 running 10h45m
23:57:23  watch cycle 108 running 10h45m
23:57:28  watch cycle 108 running 10h46m
23:57:33  watch cycle 108 running 10h46m
23:57:38  watch cycle 108 running 10h46m
23:57:43  watch cycle 108 running 10h46m
23:57:48  watch cycle 108 running 10h46m
23:57:53  watch cycle 108 running 10h46m
23:57:58  watch cycle 108 running 10h46m
23:58:03  watch cycle 108 running 10h46m
23:58:08  watch cycle 108 running 10h46m
23:58:13  watch cycle 108 running 10h46m
23:58:18  watch cycle 108 running 10h46m
23:58:23  watch cycle 108 running 10h46m
23:58:28  watch cycle 108 running 10h47m
23:58:33  watch cycle 108 running 10h47m
23:58:38  watch cycle 108 running 10h47m
23:58:43  watch cycle 108 running 10h47m
23:58:48  watch cycle 108 running 10h47m
23:58:53  watch cycle 108 running 10h47m
23:58:58  watch cycle 108 running 10h47m
23:59:03  watch cycle 108 running 10h47m
23:59:08  watch cycle 108 running 10h47m
23:59:13  watch cycle 108 running 10h47m
23:59:18  watch cycle 108 running 10h47m
23:59:23  watch cycle 108 running 10h47m
23:59:28  watch cycle 108 running 10h48m
23:59:33  watch cycle 108 running 10h48m
23:59:38  watch cycle 108 running 10h48m
23:59:43  watch cycle 108 running 10h48m
23:59:48  watch cycle 108 running 10h48m
23:59:53  watch cycle 108 running 10h48m
23:59:58  watch cycle 108 running 10h48m
00:00:03  watch cycle 108 running 10h48m
00:00:08  watch cycle 108 running 10h48m
00:00:13  watch cycle 108 running 10h48m
00:00:18  watch cycle 108 running 10h48m
00:00:23  watch cycle 108 running 10h48m
00:00:28  watch cycle 108 running 10h49m
00:00:33  watch cycle 108 running 10h49m
00:00:38  watch cycle 108 running 10h49m
00:00:43  watch cycle 108 running 10h49m
00:00:48  watch cycle 108 running 10h49m
00:00:53  watch cycle 108 running 10h49m
00:00:58  watch cycle 108 running 10h49m
00:01:03  watch cycle 108 running 10h49m
00:01:08  watch cycle 108 running 10h49m
00:01:13  watch cycle 108 running 10h49m
00:01:18  watch cycle 108 running 10h49m
00:01:23  watch cycle 108 running 10h49m
00:01:28  watch cycle 108 running 10h50m
00:01:33  watch cycle 108 running 10h50m
00:01:38  watch cycle 108 running 10h50m
00:01:43  watch cycle 108 running 10h50m
00:01:48  watch cycle 108 running 10h50m
00:01:53  watch cycle 108 running 10h50m
00:01:58  watch cycle 108 running 10h50m
00:02:03  watch cycle 108 running 10h50m
00:02:08  watch cycle 108 running 10h50m
00:02:13  watch cycle 108 running 10h50m
00:02:18  watch cycle 108 running 10h50m
00:02:23  watch cycle 108 running 10h50m
00:02:28  watch cycle 108 running 10h51m
00:02:33  watch cycle 108 running 10h51m
00:02:38  watch cycle 108 running 10h51m
00:02:43  watch cycle 108 running 10h51m
00:02:48  watch cycle 108 running 10h51m
00:02:53  watch cycle 108 running 10h51m
00:02:58  watch cycle 108 running 10h51m
00:03:03  watch cycle 108 running 10h51m
00:03:08  watch cycle 108 running 10h51m
00:03:13  watch cycle 108 running 10h51m
00:03:18  watch cycle 108 running 10h51m
00:03:23  watch cycle 108 running 10h51m
00:03:28  watch cycle 108 running 10h52m
00:03:33  watch cycle 108 running 10h52m
00:03:38  watch cycle 108 running 10h52m
00:03:43  watch cycle 108 running 10h52m
00:03:48  watch cycle 108 running 10h52m
00:03:53  watch cycle 108 running 10h52m
00:03:58  watch cycle 108 running 10h52m
00:04:03  watch cycle 108 running 10h52m
00:04:08  watch cycle 108 running 10h52m
00:04:13  watch cycle 108 running 10h52m
00:04:36  watch cycle 108 running 10h53m
00:04:41  watch cycle 108 running 10h53m
00:04:46  watch cycle 108 running 10h53m
00:04:51  watch cycle 108 running 10h53m
00:04:56  watch cycle 108 running 10h53m
00:05:01  watch cycle 108 running 10h53m
00:05:06  watch cycle 108 running 10h53m
00:05:11  watch cycle 108 running 10h53m
00:05:16  watch cycle 108 running 10h53m
00:05:21  watch cycle 108 running 10h53m
00:05:26  watch cycle 108 running 10h53m
00:05:31  watch cycle 108 running 10h54m
00:05:36  watch cycle 108 running 10h54m
00:05:41  watch cycle 108 running 10h54m
